/*
This script was created by Visual Studio on 7/11/2008 at 12:07 PM.
Run this script on anakin\sqlexpress.EasyDoc.Database.dbo to make it the same as anakin\sqlexpress.EasyDocNetDatabaseEmpty.dbo.
This script performs its actions in the following order:
1. Disable foreign-key constraints.
2. Perform DELETE commands. 
3. Perform UPDATE commands.
4. Perform INSERT commands.
5. Re-enable foreign-key constraints.
Please back up your target database before running this script.
*/
SET NUMERIC_ROUNDABORT OFF
GO
SET XACT_ABORT, ANSI_PADDING, ANSI_WARNINGS, CONCAT_NULL_YIELDS_NULL, ARITHABORT, QUOTED_IDENTIFIER, ANSI_NULLS ON
GO
/*Pointer used for text / image updates. This might not be needed, but is declared here just in case*/
DECLARE @pv binary(16)
BEGIN TRANSACTION
ALTER TABLE [dbo].[ProcImg_Tmplate_T] DROP CONSTRAINT [fk_ProcImg_Tmplate_T_ProcImg_T]
ALTER TABLE [dbo].[busqueda_body_T] DROP CONSTRAINT [fk_busqueda_body_T_busqueda_header_T]
ALTER TABLE [dbo].[permissions_groups_T] DROP CONSTRAINT [fk_permissions_groups_T_group_T]
ALTER TABLE [dbo].[permissions_groups_T] DROP CONSTRAINT [fk_permissions_groups_T_task_T]
ALTER TABLE [dbo].[Cajas] DROP CONSTRAINT [fk_Cajas_Empresas]
ALTER TABLE [dbo].[anotacion] DROP CONSTRAINT [fk_Anotacion_Idlotes]
ALTER TABLE [dbo].[montaje] DROP CONSTRAINT [fk_montaje_vols]
ALTER TABLE [dbo].[vols] DROP CONSTRAINT [fk_vols_device]
ALTER TABLE [dbo].[permissions_users_T] DROP CONSTRAINT [fk_permissions_users_T_task_T]
ALTER TABLE [dbo].[permissions_users_T] DROP CONSTRAINT [fk_permissions_users_T_user_T]
ALTER TABLE [dbo].[idlotes] DROP CONSTRAINT [fk_idlotes_tmplates]
ALTER TABLE [dbo].[membership_group_role_t] DROP CONSTRAINT [fk_membership_group_role_t_group_T]
ALTER TABLE [dbo].[membership_group_role_t] DROP CONSTRAINT [fk_membership_group_role_t_role_T]
ALTER TABLE [dbo].[MLMessages_T] DROP CONSTRAINT [fk_MLMessages_T_MLLanguages_T]
ALTER TABLE [dbo].[tmplates] DROP CONSTRAINT [fk_tmplates_Empresas]
ALTER TABLE [dbo].[membership_T] DROP CONSTRAINT [fk_membership_T_group_T]
ALTER TABLE [dbo].[membership_T] DROP CONSTRAINT [fk_membership_T_user_T]
ALTER TABLE [dbo].[membership_user_role_t] DROP CONSTRAINT [fk_membership_user_role_t_role_T]
ALTER TABLE [dbo].[membership_user_role_t] DROP CONSTRAINT [fk_membership_user_role_t_user_T]
ALTER TABLE [dbo].[permissions_roles_T] DROP CONSTRAINT [fk_permissions_roles_T_role_T]
ALTER TABLE [dbo].[permissions_roles_T] DROP CONSTRAINT [fk_permissions_roles_T_role_task_T]
ALTER TABLE [dbo].[audit_T] DROP CONSTRAINT [fk_audit_T_task_T]
ALTER TABLE [dbo].[audit_T] DROP CONSTRAINT [fk_audit_T_user_T]
ALTER TABLE [dbo].[grpyus] DROP CONSTRAINT [fk_grpyus_Empresas]
INSERT INTO [dbo].[dicdatos] ([campo], [descripcio], [tipo], [longitud], [decimales], [rango_min], [rango_max], [mascara], [interno]) VALUES (N'FINDXD', N'Fecha de Indexacion', 9, NULL, NULL, NULL, NULL, NULL, 1)
INSERT INTO [dbo].[dicdatos] ([campo], [descripcio], [tipo], [longitud], [decimales], [rango_min], [rango_max], [mascara], [interno]) VALUES (N'FINDXTS', N'Fecha  de Indexacion', 11, NULL, NULL, NULL, NULL, NULL, 1)
INSERT INTO [dbo].[dicdatos] ([campo], [descripcio], [tipo], [longitud], [decimales], [rango_min], [rango_max], [mascara], [interno]) VALUES (N'FSCAND', N'Fecha de Captura', 9, NULL, NULL, NULL, NULL, NULL, 1)
INSERT INTO [dbo].[dicdatos] ([campo], [descripcio], [tipo], [longitud], [decimales], [rango_min], [rango_max], [mascara], [interno]) VALUES (N'FSCANTS', N'Fecha  de Captura', 11, NULL, NULL, NULL, NULL, NULL, 1)
INSERT INTO [dbo].[dicdatos] ([campo], [descripcio], [tipo], [longitud], [decimales], [rango_min], [rango_max], [mascara], [interno]) VALUES (N'FT_TEXT', N'Texto', 12, 200, NULL, NULL, NULL, NULL, 1)
INSERT INTO [dbo].[Empresas] ([LoginEmpresa], [DescEmpresa], [NroCli], [CUIT], [PerInicio], [PerDuracion], [DomCalle], [DomNumero], [DomPiso], [DomLocalidad], [DomProvincia], [DomCP], [ConApellido], [ConNombre], [ConCargo], [ConTelefono], [ConInterno], [ConFax], [ConEmail], [Estado]) VALUES (N'INT', N' Empresa Interna (NO BORRAR)', N'0', NULL, NULL, NULL, NULL, NULL, NULL, NULL, NULL, NULL, NULL, NULL, NULL, NULL, NULL, NULL, NULL, N'A')
INSERT INTO [dbo].[grpyus] ([codigo], [tipo], [descripcio], [aplicacion], [login], [clave], [LoginEmpresa], [Apellido], [Nombre], [Cargo], [Telefono], [Interno], [Fax], [Email], [CodSucursal], [TipoConexion], [Estado], [CambiarClave]) VALUES (N'1', N'U', N'administrador', N'111111111111111111111', N'admin', NULL, N'INT', NULL, NULL, NULL, NULL, NULL, NULL, NULL, NULL, NULL, N'A', NULL)
INSERT INTO [dbo].[grpyus] ([codigo], [tipo], [descripcio], [aplicacion], [login], [clave], [LoginEmpresa], [Apellido], [Nombre], [Cargo], [Telefono], [Interno], [Fax], [Email], [CodSucursal], [TipoConexion], [Estado], [CambiarClave]) VALUES (N'2', N'U', N'administrador web', N'111111111111111111111', N'INT.admin', NULL, N'INT', NULL, NULL, NULL, NULL, NULL, NULL, NULL, NULL, NULL, N'A', NULL)
INSERT INTO [dbo].[task_T] ([task_id], [descr], [lastNumber_bi]) VALUES (N'ADDGROUP                                          ', N'Alta de Grupo de Usuarios', 0)
INSERT INTO [dbo].[task_T] ([task_id], [descr], [lastNumber_bi]) VALUES (N'ADDGROUPUSER                                      ', N'Agregar Grupo al usuario', 0)
INSERT INTO [dbo].[task_T] ([task_id], [descr], [lastNumber_bi]) VALUES (N'ADDOPER                                           ', N'Agregar Tarea al Grupo y a los Usuarios', 0)
INSERT INTO [dbo].[task_T] ([task_id], [descr], [lastNumber_bi]) VALUES (N'ADDOPERGROUP                                      ', N'Agregar Tareas al Grupos', 0)
INSERT INTO [dbo].[task_T] ([task_id], [descr], [lastNumber_bi]) VALUES (N'ADDOPERROLE                                       ', N'Agregar Tarea al Rol', 0)
INSERT INTO [dbo].[task_T] ([task_id], [descr], [lastNumber_bi]) VALUES (N'ADDOPERUSER                                       ', N'Agregar Tareas al Usuario', 0)
INSERT INTO [dbo].[task_T] ([task_id], [descr], [lastNumber_bi]) VALUES (N'ADDROLE                                           ', N'Agregar Rol', 0)
INSERT INTO [dbo].[task_T] ([task_id], [descr], [lastNumber_bi]) VALUES (N'ADDROLEGROUP                                      ', N'Agregar Rol al Grupo', 0)
INSERT INTO [dbo].[task_T] ([task_id], [descr], [lastNumber_bi]) VALUES (N'ADDROLEUSER                                       ', N'Agregar Rol al Usuario', 0)
INSERT INTO [dbo].[task_T] ([task_id], [descr], [lastNumber_bi]) VALUES (N'ADDUSER                                           ', N'Agregar Usuario', 0)
INSERT INTO [dbo].[task_T] ([task_id], [descr], [lastNumber_bi]) VALUES (N'ADDUSERGROUP                                      ', N'Agregar Usuario al Grupo', 0)
INSERT INTO [dbo].[task_T] ([task_id], [descr], [lastNumber_bi]) VALUES (N'BUSQGROUPS                                        ', N'Busqueda de Grupos de Usuarios', 0)
INSERT INTO [dbo].[task_T] ([task_id], [descr], [lastNumber_bi]) VALUES (N'BUSQROLE                                          ', N'Busqueda de Rol', 0)
INSERT INTO [dbo].[task_T] ([task_id], [descr], [lastNumber_bi]) VALUES (N'BUSQTASK                                          ', N'Busqueda de Tareas', 0)
INSERT INTO [dbo].[task_T] ([task_id], [descr], [lastNumber_bi]) VALUES (N'BUSQTASKROLES                                     ', N'Busqueda de Tareas de Roles', 0)
INSERT INTO [dbo].[task_T] ([task_id], [descr], [lastNumber_bi]) VALUES (N'BUSQUSER                                          ', N'Busqueda de Usuarios', 0)
INSERT INTO [dbo].[task_T] ([task_id], [descr], [lastNumber_bi]) VALUES (N'CAPTURA                                           ', N'Captura de Imagenes', 0)
INSERT INTO [dbo].[task_T] ([task_id], [descr], [lastNumber_bi]) VALUES (N'CDATOSPLANTILLA                                   ', N'Cargar Datos Plantilla', 0)
INSERT INTO [dbo].[task_T] ([task_id], [descr], [lastNumber_bi]) VALUES (N'COMERCIAL                                         ', N'Recepcion de Cajas', 0)
INSERT INTO [dbo].[task_T] ([task_id], [descr], [lastNumber_bi]) VALUES (N'DELGROUP                                          ', N'Eliminacion de Grupos', 0)
INSERT INTO [dbo].[task_T] ([task_id], [descr], [lastNumber_bi]) VALUES (N'DELGROUPUSER                                      ', N'Quitar GRupo al Usuario', 0)
INSERT INTO [dbo].[task_T] ([task_id], [descr], [lastNumber_bi]) VALUES (N'DELOPERGROUP                                      ', N'Quitar Tarea al Grupo', 0)
INSERT INTO [dbo].[task_T] ([task_id], [descr], [lastNumber_bi]) VALUES (N'DELOPERROLE                                       ', N'Quitar Tarea al Rol', 0)
INSERT INTO [dbo].[task_T] ([task_id], [descr], [lastNumber_bi]) VALUES (N'DELOPERUSER                                       ', N'Quitar Tarea al Usuario', 0)
INSERT INTO [dbo].[task_T] ([task_id], [descr], [lastNumber_bi]) VALUES (N'DELROLE                                           ', N'Eliminacion de Rol', 0)
INSERT INTO [dbo].[task_T] ([task_id], [descr], [lastNumber_bi]) VALUES (N'DELROLEGROUP                                      ', N'Quitar Rol al Grupo', 0)
INSERT INTO [dbo].[task_T] ([task_id], [descr], [lastNumber_bi]) VALUES (N'DELROLEUSER                                       ', N'Quitar Rol al Usuario', 0)
INSERT INTO [dbo].[task_T] ([task_id], [descr], [lastNumber_bi]) VALUES (N'DELUSER                                           ', N'Eliminacion de Usuario', 0)
INSERT INTO [dbo].[task_T] ([task_id], [descr], [lastNumber_bi]) VALUES (N'DELUSERGROUP                                      ', N'Quitar Usuario al Grupo', 0)
INSERT INTO [dbo].[task_T] ([task_id], [descr], [lastNumber_bi]) VALUES (N'LOGIN                                             ', N'Login', 0)
INSERT INTO [dbo].[task_T] ([task_id], [descr], [lastNumber_bi]) VALUES (N'LOGISTICA                                         ', N'Logistica', 0)
INSERT INTO [dbo].[task_T] ([task_id], [descr], [lastNumber_bi]) VALUES (N'LOGOFF                                            ', N'LogOff', 0)
INSERT INTO [dbo].[task_T] ([task_id], [descr], [lastNumber_bi]) VALUES (N'MODGROUP                                          ', N'Modificacion de Grupo de Usuarios', 0)
INSERT INTO [dbo].[task_T] ([task_id], [descr], [lastNumber_bi]) VALUES (N'MODPASS                                           ', N'Modificacion de Password de Usuario Actual', 0)
INSERT INTO [dbo].[task_T] ([task_id], [descr], [lastNumber_bi]) VALUES (N'MODPASSADMIN                                      ', N'Modificacion de Password de Usuario', 0)
INSERT INTO [dbo].[task_T] ([task_id], [descr], [lastNumber_bi]) VALUES (N'MODROLE                                           ', N'Modificacion de Rol', 0)
INSERT INTO [dbo].[task_T] ([task_id], [descr], [lastNumber_bi]) VALUES (N'MODUSER                                           ', N'Modificacion Usuario', 0)
INSERT INTO [dbo].[task_T] ([task_id], [descr], [lastNumber_bi]) VALUES (N'PC                                                ', N'Acceso Panel de Control', 0)
INSERT INTO [dbo].[task_T] ([task_id], [descr], [lastNumber_bi]) VALUES (N'PCACONSULTA                                       ', N'Panel de Control Auditoria de Consulta', 0)
INSERT INTO [dbo].[task_T] ([task_id], [descr], [lastNumber_bi]) VALUES (N'PCAOPERACIONES                                    ', N'Panel de Control Auditoria de Operaciones', 0)
INSERT INTO [dbo].[task_T] ([task_id], [descr], [lastNumber_bi]) VALUES (N'PCGRUPOS                                          ', N'Panel de Control Grupos', 0)
INSERT INTO [dbo].[task_T] ([task_id], [descr], [lastNumber_bi]) VALUES (N'PCOPERACIONES                                     ', N'Panel de Control Operaciones', 0)
INSERT INTO [dbo].[task_T] ([task_id], [descr], [lastNumber_bi]) VALUES (N'PCREPORTES                                        ', N'Reportes Panel de Control', 0)
INSERT INTO [dbo].[task_T] ([task_id], [descr], [lastNumber_bi]) VALUES (N'PCROLES                                           ', N'Panel de Control Roles', 0)
INSERT INTO [dbo].[task_T] ([task_id], [descr], [lastNumber_bi]) VALUES (N'PCUSUARIOS                                        ', N'Panel de Control Usuarios', 0)
INSERT INTO [dbo].[task_T] ([task_id], [descr], [lastNumber_bi]) VALUES (N'PPAPEL                                            ', N'Preparacion de Papel', 0)
INSERT INTO [dbo].[task_T] ([task_id], [descr], [lastNumber_bi]) VALUES (N'RECEPCAJAS                                        ', N'Recepcion de Cajas', 0)
INSERT INTO [dbo].[task_T] ([task_id], [descr], [lastNumber_bi]) VALUES (N'REFRESHDOC                                        ', N'Actualizar Documentos', 0)
INSERT INTO [dbo].[task_T] ([task_id], [descr], [lastNumber_bi]) VALUES (N'REPORTEBILLING                                    ', N'Recepcion de Cajas', 0)
INSERT INTO [dbo].[task_T] ([task_id], [descr], [lastNumber_bi]) VALUES (N'RESTOREUSER                                       ', N'Restaurar Usuario', 0)
INSERT INTO [dbo].[task_T] ([task_id], [descr], [lastNumber_bi]) VALUES (N'ROLEGROUP                                         ', N'Roles y Grupos', 0)
INSERT INTO [dbo].[task_T] ([task_id], [descr], [lastNumber_bi]) VALUES (N'ROLETASKROLE                                      ', N'Operaciones de Roles y los Roles', 0)
INSERT INTO [dbo].[task_T] ([task_id], [descr], [lastNumber_bi]) VALUES (N'ROLEUSERS                                         ', N'Roles y Usuarios', 0)
INSERT INTO [dbo].[task_T] ([task_id], [descr], [lastNumber_bi]) VALUES (N'SEGDATOS                                          ', N'Seguridad Por Datos', 0)
INSERT INTO [dbo].[task_T] ([task_id], [descr], [lastNumber_bi]) VALUES (N'USERGROUP                                         ', N'Usuarios y Grupos', 0)
INSERT INTO [dbo].[task_T] ([task_id], [descr], [lastNumber_bi]) VALUES (N'VERGROUP                                          ', N'Ver Detalles del Grupo', 0)
INSERT INTO [dbo].[task_T] ([task_id], [descr], [lastNumber_bi]) VALUES (N'VERROLE                                           ', N'Ver Detalles del Rol', 0)
INSERT INTO [dbo].[task_T] ([task_id], [descr], [lastNumber_bi]) VALUES (N'VERROLETASK                                       ', N'Ver Detalles de la Tarea del Rol', 0)
INSERT INTO [dbo].[task_T] ([task_id], [descr], [lastNumber_bi]) VALUES (N'VERTASK                                           ', N'Ver Detalles de la Tarea', 0)
INSERT INTO [dbo].[task_T] ([task_id], [descr], [lastNumber_bi]) VALUES (N'VERUSER                                           ', N'Ver Detalles del Usuario', 0)
INSERT INTO [dbo].[role_task_T] ([role_task_id], [descr], [lastNumber_bi]) VALUES (N'BUSQAVANZADA                                      ', N'Busqueda Avanzada', 0)
INSERT INTO [dbo].[role_task_T] ([role_task_id], [descr], [lastNumber_bi]) VALUES (N'BUSQGRABADAS                                      ', N'Busquedas Grabadas', 0)
INSERT INTO [dbo].[role_task_T] ([role_task_id], [descr], [lastNumber_bi]) VALUES (N'BUSRAPIDA                                         ', N'Busqueda Rapida', 0)
INSERT INTO [dbo].[role_task_T] ([role_task_id], [descr], [lastNumber_bi]) VALUES (N'BUSTEMATIVA                                       ', N'Busqueda Tematica', 0)
INSERT INTO [dbo].[role_task_T] ([role_task_id], [descr], [lastNumber_bi]) VALUES (N'EMAIL                                             ', N'Enviar por Email', 0)
INSERT INTO [dbo].[role_task_T] ([role_task_id], [descr], [lastNumber_bi]) VALUES (N'EXPORTEXCEL                                       ', N'Exportar a Excel', 0)
INSERT INTO [dbo].[role_task_T] ([role_task_id], [descr], [lastNumber_bi]) VALUES (N'GRABARBUSQ                                        ', N'Grabar Busqueda', 0)
INSERT INTO [dbo].[role_task_T] ([role_task_id], [descr], [lastNumber_bi]) VALUES (N'MODDOC                                            ', N'Modificar Documento', 0)
INSERT INTO [dbo].[role_task_T] ([role_task_id], [descr], [lastNumber_bi]) VALUES (N'MODIMAGEN                                         ', N'Modificar Imagen', 0)
INSERT INTO [dbo].[role_task_T] ([role_task_id], [descr], [lastNumber_bi]) VALUES (N'MODNOTAS                                          ', N'Modificar Notas de Imagen', 0)
INSERT INTO [dbo].[role_task_T] ([role_task_id], [descr], [lastNumber_bi]) VALUES (N'PRINT                                             ', N'Imprimir', 0)
INSERT INTO [dbo].[role_task_T] ([role_task_id], [descr], [lastNumber_bi]) VALUES (N'VERCOMPLETO                                       ', N'Ver a Pantalla Completa', 0)
INSERT INTO [dbo].[role_task_T] ([role_task_id], [descr], [lastNumber_bi]) VALUES (N'VERNOTAS                                          ', N'Ver Notas de Imagen', 0)
INSERT INTO [dbo].[role_task_T] ([role_task_id], [descr], [lastNumber_bi]) VALUES (N'VERPLANTILLA                                      ', N'Ver Plantilla', 0)
INSERT INTO [dbo].[role_t] ([role_id], [descr]) VALUES (N'CONS                                              ', N'Rol de Consulta de Documentos')
INSERT INTO [dbo].[role_t] ([role_id], [descr]) VALUES (N'FULL                                              ', N'Todos los Roles')
INSERT INTO [dbo].[group_T] ([group_id], [descr]) VALUES (N'ADMIN                                             ', N'Admnistradores')
INSERT INTO [dbo].[group_T] ([group_id], [descr]) VALUES (N'USERS                                             ', N'Usuarios')
INSERT INTO [dbo].[membership_T] ([user_id_fk], [group_id_fk]) VALUES (N'ADMIN                                             ', N'ADMIN                                             ')
INSERT INTO [dbo].[MLLanguages_T] ([id], [name], [culture]) VALUES (N'en_us     ', N'Ingles USA', N'en-US')
INSERT INTO [dbo].[MLLanguages_T] ([id], [name], [culture]) VALUES (N'es_AR     ', N'Espanol Argentina', N'es-AR')
INSERT INTO [dbo].[MLMessages_T] ([id], [MLLanguage_ID], [text]) VALUES (N'1         ', N'en_us     ', N'Password')
INSERT INTO [dbo].[MLMessages_T] ([id], [MLLanguage_ID], [text]) VALUES (N'1         ', N'es_AR     ', N'Password')
INSERT INTO [dbo].[MLMessages_T] ([id], [MLLanguage_ID], [text]) VALUES (N'10        ', N'en_us     ', N'Users')
INSERT INTO [dbo].[MLMessages_T] ([id], [MLLanguage_ID], [text]) VALUES (N'10        ', N'es_AR     ', N'Usuarios')
INSERT INTO [dbo].[MLMessages_T] ([id], [MLLanguage_ID], [text]) VALUES (N'100       ', N'en_us     ', N'Network Alias')
INSERT INTO [dbo].[MLMessages_T] ([id], [MLLanguage_ID], [text]) VALUES (N'100       ', N'es_AR     ', N'Alias de Red')
INSERT INTO [dbo].[MLMessages_T] ([id], [MLLanguage_ID], [text]) VALUES (N'101       ', N'en_us     ', N'Repeat Password')
INSERT INTO [dbo].[MLMessages_T] ([id], [MLLanguage_ID], [text]) VALUES (N'101       ', N'es_AR     ', N'Repetir Password')
INSERT INTO [dbo].[MLMessages_T] ([id], [MLLanguage_ID], [text]) VALUES (N'102       ', N'en_us     ', N'User Must change Password at new log-on')
INSERT INTO [dbo].[MLMessages_T] ([id], [MLLanguage_ID], [text]) VALUES (N'102       ', N'es_AR     ', N'Debe Cambiar Password en el Proximo Acceso')
INSERT INTO [dbo].[MLMessages_T] ([id], [MLLanguage_ID], [text]) VALUES (N'103       ', N'en_us     ', N'User cannot Change Password')
INSERT INTO [dbo].[MLMessages_T] ([id], [MLLanguage_ID], [text]) VALUES (N'103       ', N'es_AR     ', N'Usuario no puede cambiar password')
INSERT INTO [dbo].[MLMessages_T] ([id], [MLLanguage_ID], [text]) VALUES (N'104       ', N'en_us     ', N'User Block')
INSERT INTO [dbo].[MLMessages_T] ([id], [MLLanguage_ID], [text]) VALUES (N'104       ', N'es_AR     ', N'Usuario Bloqueado')
INSERT INTO [dbo].[MLMessages_T] ([id], [MLLanguage_ID], [text]) VALUES (N'105       ', N'en_us     ', N'User Detail')
INSERT INTO [dbo].[MLMessages_T] ([id], [MLLanguage_ID], [text]) VALUES (N'105       ', N'es_AR     ', N'Detalles de Usuarios')
INSERT INTO [dbo].[MLMessages_T] ([id], [MLLanguage_ID], [text]) VALUES (N'106       ', N'en_us     ', N'User Delete')
INSERT INTO [dbo].[MLMessages_T] ([id], [MLLanguage_ID], [text]) VALUES (N'106       ', N'es_AR     ', N'Usuario Eliminado')
INSERT INTO [dbo].[MLMessages_T] ([id], [MLLanguage_ID], [text]) VALUES (N'107       ', N'en_us     ', N'User Restore')
INSERT INTO [dbo].[MLMessages_T] ([id], [MLLanguage_ID], [text]) VALUES (N'107       ', N'es_AR     ', N'Restaurar Usuario')
INSERT INTO [dbo].[MLMessages_T] ([id], [MLLanguage_ID], [text]) VALUES (N'108       ', N'en_us     ', N'Group Asign')
INSERT INTO [dbo].[MLMessages_T] ([id], [MLLanguage_ID], [text]) VALUES (N'108       ', N'es_AR     ', N'Asignacion de Grupos')
INSERT INTO [dbo].[MLMessages_T] ([id], [MLLanguage_ID], [text]) VALUES (N'109       ', N'en_us     ', N'Change Password')
INSERT INTO [dbo].[MLMessages_T] ([id], [MLLanguage_ID], [text]) VALUES (N'109       ', N'es_AR     ', N'Cambiar Password')
INSERT INTO [dbo].[MLMessages_T] ([id], [MLLanguage_ID], [text]) VALUES (N'11        ', N'en_us     ', N'Groups')
INSERT INTO [dbo].[MLMessages_T] ([id], [MLLanguage_ID], [text]) VALUES (N'11        ', N'es_AR     ', N'Grupos')
INSERT INTO [dbo].[MLMessages_T] ([id], [MLLanguage_ID], [text]) VALUES (N'110       ', N'en_us     ', N'Password Error')
INSERT INTO [dbo].[MLMessages_T] ([id], [MLLanguage_ID], [text]) VALUES (N'110       ', N'es_AR     ', N'Password Erroneo')
INSERT INTO [dbo].[MLMessages_T] ([id], [MLLanguage_ID], [text]) VALUES (N'111       ', N'en_us     ', N'Original and New Password are the Same')
INSERT INTO [dbo].[MLMessages_T] ([id], [MLLanguage_ID], [text]) VALUES (N'111       ', N'es_AR     ', N'Password Original igual al Nuevo')
INSERT INTO [dbo].[MLMessages_T] ([id], [MLLanguage_ID], [text]) VALUES (N'112       ', N'en_us     ', N'Old Password')
INSERT INTO [dbo].[MLMessages_T] ([id], [MLLanguage_ID], [text]) VALUES (N'112       ', N'es_AR     ', N'Password Anterior')
INSERT INTO [dbo].[MLMessages_T] ([id], [MLLanguage_ID], [text]) VALUES (N'113       ', N'en_us     ', N'New Password')
INSERT INTO [dbo].[MLMessages_T] ([id], [MLLanguage_ID], [text]) VALUES (N'113       ', N'es_AR     ', N'Nueva Password')
INSERT INTO [dbo].[MLMessages_T] ([id], [MLLanguage_ID], [text]) VALUES (N'114       ', N'en_us     ', N'Roles Asign to User')
INSERT INTO [dbo].[MLMessages_T] ([id], [MLLanguage_ID], [text]) VALUES (N'114       ', N'es_AR     ', N'Asignacion de Roles a Usuarios')
INSERT INTO [dbo].[MLMessages_T] ([id], [MLLanguage_ID], [text]) VALUES (N'115       ', N'en_us     ', N'User Block or Delete')
INSERT INTO [dbo].[MLMessages_T] ([id], [MLLanguage_ID], [text]) VALUES (N'115       ', N'es_AR     ', N'Usuario Bloqueado o Eliminado')
INSERT INTO [dbo].[MLMessages_T] ([id], [MLLanguage_ID], [text]) VALUES (N'116       ', N'en_us     ', N'Use Filters')
INSERT INTO [dbo].[MLMessages_T] ([id], [MLLanguage_ID], [text]) VALUES (N'116       ', N'es_AR     ', N'Utilizar Filtros')
INSERT INTO [dbo].[MLMessages_T] ([id], [MLLanguage_ID], [text]) VALUES (N'117       ', N'en_us     ', N'The Number of Parentesis does not balance')
INSERT INTO [dbo].[MLMessages_T] ([id], [MLLanguage_ID], [text]) VALUES (N'117       ', N'es_AR     ', N'Los Parentesis no Estan Balanceados')
INSERT INTO [dbo].[MLMessages_T] ([id], [MLLanguage_ID], [text]) VALUES (N'118       ', N'en_us     ', N'All Rows except the last mus have a Operator Row. The Last one must not have any.')
INSERT INTO [dbo].[MLMessages_T] ([id], [MLLanguage_ID], [text]) VALUES (N'118       ', N'es_AR     ', N'Todas las Filas menos la Ultima deben tener un Operador de Fila. La Ultima no Debe Tener Ninguno')
INSERT INTO [dbo].[MLMessages_T] ([id], [MLLanguage_ID], [text]) VALUES (N'119       ', N'en_us     ', N'Document Full Page View')
INSERT INTO [dbo].[MLMessages_T] ([id], [MLLanguage_ID], [text]) VALUES (N'119       ', N'es_AR     ', N'Vista Pagina Completa del Documento')
INSERT INTO [dbo].[MLMessages_T] ([id], [MLLanguage_ID], [text]) VALUES (N'12        ', N'en_us     ', N'Operational Audit')
INSERT INTO [dbo].[MLMessages_T] ([id], [MLLanguage_ID], [text]) VALUES (N'12        ', N'es_AR     ', N'Auditoria Operaciones')
INSERT INTO [dbo].[MLMessages_T] ([id], [MLLanguage_ID], [text]) VALUES (N'120       ', N'en_us     ', N'Role task Asign to Roles')
INSERT INTO [dbo].[MLMessages_T] ([id], [MLLanguage_ID], [text]) VALUES (N'120       ', N'es_AR     ', N'Asignacion de Tareas de Roles a los Roles')
INSERT INTO [dbo].[MLMessages_T] ([id], [MLLanguage_ID], [text]) VALUES (N'121       ', N'en_us     ', N'Send Email')
INSERT INTO [dbo].[MLMessages_T] ([id], [MLLanguage_ID], [text]) VALUES (N'121       ', N'es_AR     ', N'Enviar Email')
INSERT INTO [dbo].[MLMessages_T] ([id], [MLLanguage_ID], [text]) VALUES (N'122       ', N'en_us     ', N'Email Address')
INSERT INTO [dbo].[MLMessages_T] ([id], [MLLanguage_ID], [text]) VALUES (N'122       ', N'es_AR     ', N'Direccion de Email')
INSERT INTO [dbo].[MLMessages_T] ([id], [MLLanguage_ID], [text]) VALUES (N'123       ', N'en_us     ', N'Subject')
INSERT INTO [dbo].[MLMessages_T] ([id], [MLLanguage_ID], [text]) VALUES (N'123       ', N'es_AR     ', N'Asunto')
INSERT INTO [dbo].[MLMessages_T] ([id], [MLLanguage_ID], [text]) VALUES (N'124       ', N'en_us     ', N'From')
INSERT INTO [dbo].[MLMessages_T] ([id], [MLLanguage_ID], [text]) VALUES (N'124       ', N'es_AR     ', N'De')
INSERT INTO [dbo].[MLMessages_T] ([id], [MLLanguage_ID], [text]) VALUES (N'125       ', N'en_us     ', N'Message')
INSERT INTO [dbo].[MLMessages_T] ([id], [MLLanguage_ID], [text]) VALUES (N'125       ', N'es_AR     ', N'Mensaje')
INSERT INTO [dbo].[MLMessages_T] ([id], [MLLanguage_ID], [text]) VALUES (N'126       ', N'en_us     ', N'Logistric')
INSERT INTO [dbo].[MLMessages_T] ([id], [MLLanguage_ID], [text]) VALUES (N'126       ', N'es_AR     ', N'Logistica')
INSERT INTO [dbo].[MLMessages_T] ([id], [MLLanguage_ID], [text]) VALUES (N'127       ', N'en_us     ', N'Profile Search')
INSERT INTO [dbo].[MLMessages_T] ([id], [MLLanguage_ID], [text]) VALUES (N'127       ', N'es_AR     ', N'Busqueda por Perfil')
INSERT INTO [dbo].[MLMessages_T] ([id], [MLLanguage_ID], [text]) VALUES (N'128       ', N'en_us     ', N'Invalid Date')
INSERT INTO [dbo].[MLMessages_T] ([id], [MLLanguage_ID], [text]) VALUES (N'128       ', N'es_AR     ', N'Fecha Invalida')
INSERT INTO [dbo].[MLMessages_T] ([id], [MLLanguage_ID], [text]) VALUES (N'129       ', N'en_us     ', N'Error Exporting to Excel')
INSERT INTO [dbo].[MLMessages_T] ([id], [MLLanguage_ID], [text]) VALUES (N'129       ', N'es_AR     ', N'Error al Exportar a Excel')
INSERT INTO [dbo].[MLMessages_T] ([id], [MLLanguage_ID], [text]) VALUES (N'13        ', N'en_us     ', N'Operations')
INSERT INTO [dbo].[MLMessages_T] ([id], [MLLanguage_ID], [text]) VALUES (N'13        ', N'es_AR     ', N'Operaciones')
INSERT INTO [dbo].[MLMessages_T] ([id], [MLLanguage_ID], [text]) VALUES (N'130       ', N'en_us     ', N'Refresh')
INSERT INTO [dbo].[MLMessages_T] ([id], [MLLanguage_ID], [text]) VALUES (N'130       ', N'es_AR     ', N'Refrescar')
INSERT INTO [dbo].[MLMessages_T] ([id], [MLLanguage_ID], [text]) VALUES (N'131       ', N'en_us     ', N'Fast Search')
INSERT INTO [dbo].[MLMessages_T] ([id], [MLLanguage_ID], [text]) VALUES (N'131       ', N'es_AR     ', N'Busqueda Rapida')
INSERT INTO [dbo].[MLMessages_T] ([id], [MLLanguage_ID], [text]) VALUES (N'132       ', N'en_us     ', N'Save Search')
INSERT INTO [dbo].[MLMessages_T] ([id], [MLLanguage_ID], [text]) VALUES (N'132       ', N'es_AR     ', N'Grabar Busqueda')
INSERT INTO [dbo].[MLMessages_T] ([id], [MLLanguage_ID], [text]) VALUES (N'133       ', N'en_us     ', N'Export to Excel')
INSERT INTO [dbo].[MLMessages_T] ([id], [MLLanguage_ID], [text]) VALUES (N'133       ', N'es_AR     ', N'Exportar Excel')
INSERT INTO [dbo].[MLMessages_T] ([id], [MLLanguage_ID], [text]) VALUES (N'134       ', N'en_us     ', N'Print')
INSERT INTO [dbo].[MLMessages_T] ([id], [MLLanguage_ID], [text]) VALUES (N'134       ', N'es_AR     ', N'Imprimir')
INSERT INTO [dbo].[MLMessages_T] ([id], [MLLanguage_ID], [text]) VALUES (N'135       ', N'en_us     ', N'Send Email')
INSERT INTO [dbo].[MLMessages_T] ([id], [MLLanguage_ID], [text]) VALUES (N'135       ', N'es_AR     ', N'Enviar Email')
INSERT INTO [dbo].[MLMessages_T] ([id], [MLLanguage_ID], [text]) VALUES (N'136       ', N'en_us     ', N'Back')
INSERT INTO [dbo].[MLMessages_T] ([id], [MLLanguage_ID], [text]) VALUES (N'136       ', N'es_AR     ', N'Atras')
INSERT INTO [dbo].[MLMessages_T] ([id], [MLLanguage_ID], [text]) VALUES (N'137       ', N'en_us     ', N'Foward')
INSERT INTO [dbo].[MLMessages_T] ([id], [MLLanguage_ID], [text]) VALUES (N'137       ', N'es_AR     ', N'Adelante')
INSERT INTO [dbo].[MLMessages_T] ([id], [MLLanguage_ID], [text]) VALUES (N'138       ', N'en_us     ', N'Print Imagen')
INSERT INTO [dbo].[MLMessages_T] ([id], [MLLanguage_ID], [text]) VALUES (N'138       ', N'es_AR     ', N'Imprimir Imagen')
INSERT INTO [dbo].[MLMessages_T] ([id], [MLLanguage_ID], [text]) VALUES (N'139       ', N'en_us     ', N'Print Document')
INSERT INTO [dbo].[MLMessages_T] ([id], [MLLanguage_ID], [text]) VALUES (N'139       ', N'es_AR     ', N'Imprimir Documento')
INSERT INTO [dbo].[MLMessages_T] ([id], [MLLanguage_ID], [text]) VALUES (N'14        ', N'en_us     ', N'Roles')
INSERT INTO [dbo].[MLMessages_T] ([id], [MLLanguage_ID], [text]) VALUES (N'14        ', N'es_AR     ', N'Roles')
INSERT INTO [dbo].[MLMessages_T] ([id], [MLLanguage_ID], [text]) VALUES (N'140       ', N'en_us     ', N'Modify Image Data')
INSERT INTO [dbo].[MLMessages_T] ([id], [MLLanguage_ID], [text]) VALUES (N'140       ', N'es_AR     ', N'Modificar Datos Imagen')
INSERT INTO [dbo].[MLMessages_T] ([id], [MLLanguage_ID], [text]) VALUES (N'141       ', N'en_us     ', N'Modify Document Data')
INSERT INTO [dbo].[MLMessages_T] ([id], [MLLanguage_ID], [text]) VALUES (N'141       ', N'es_AR     ', N'Modificar Datos Documento')
INSERT INTO [dbo].[MLMessages_T] ([id], [MLLanguage_ID], [text]) VALUES (N'142       ', N'en_us     ', N'Save Note')
INSERT INTO [dbo].[MLMessages_T] ([id], [MLLanguage_ID], [text]) VALUES (N'142       ', N'es_AR     ', N'Grabar Nota')
INSERT INTO [dbo].[MLMessages_T] ([id], [MLLanguage_ID], [text]) VALUES (N'143       ', N'en_us     ', N'Save Field Modification')
INSERT INTO [dbo].[MLMessages_T] ([id], [MLLanguage_ID], [text]) VALUES (N'143       ', N'es_AR     ', N'Grabar Modificacion Campo')
INSERT INTO [dbo].[MLMessages_T] ([id], [MLLanguage_ID], [text]) VALUES (N'144       ', N'en_us     ', N'Confirm Modifications')
INSERT INTO [dbo].[MLMessages_T] ([id], [MLLanguage_ID], [text]) VALUES (N'144       ', N'es_AR     ', N'Confirmar Modificaciones')
INSERT INTO [dbo].[MLMessages_T] ([id], [MLLanguage_ID], [text]) VALUES (N'145       ', N'en_us     ', N'Document Identification')
INSERT INTO [dbo].[MLMessages_T] ([id], [MLLanguage_ID], [text]) VALUES (N'145       ', N'es_AR     ', N'Identificacion Documento')
INSERT INTO [dbo].[MLMessages_T] ([id], [MLLanguage_ID], [text]) VALUES (N'146       ', N'en_us     ', N'Estadistics')
INSERT INTO [dbo].[MLMessages_T] ([id], [MLLanguage_ID], [text]) VALUES (N'146       ', N'es_AR     ', N'Estadisticas')
INSERT INTO [dbo].[MLMessages_T] ([id], [MLLanguage_ID], [text]) VALUES (N'147       ', N'en_us     ', N'Templates Count')
INSERT INTO [dbo].[MLMessages_T] ([id], [MLLanguage_ID], [text]) VALUES (N'147       ', N'es_AR     ', N'Cantidad Templates')
INSERT INTO [dbo].[MLMessages_T] ([id], [MLLanguage_ID], [text]) VALUES (N'148       ', N'en_us     ', N'Lotes Count')
INSERT INTO [dbo].[MLMessages_T] ([id], [MLLanguage_ID], [text]) VALUES (N'148       ', N'es_AR     ', N'Cantidad Lotes')
INSERT INTO [dbo].[MLMessages_T] ([id], [MLLanguage_ID], [text]) VALUES (N'149       ', N'en_us     ', N'Users Count')
INSERT INTO [dbo].[MLMessages_T] ([id], [MLLanguage_ID], [text]) VALUES (N'149       ', N'es_AR     ', N'Cantidad Usuarios')
INSERT INTO [dbo].[MLMessages_T] ([id], [MLLanguage_ID], [text]) VALUES (N'15        ', N'en_us     ', N'Consult Audit')
INSERT INTO [dbo].[MLMessages_T] ([id], [MLLanguage_ID], [text]) VALUES (N'15        ', N'es_AR     ', N'Auditoria Consulta')
INSERT INTO [dbo].[MLMessages_T] ([id], [MLLanguage_ID], [text]) VALUES (N'150       ', N'en_us     ', N'Days Count')
INSERT INTO [dbo].[MLMessages_T] ([id], [MLLanguage_ID], [text]) VALUES (N'150       ', N'es_AR     ', N'Cantidad Dias')
INSERT INTO [dbo].[MLMessages_T] ([id], [MLLanguage_ID], [text]) VALUES (N'151       ', N'en_us     ', N'Templates per User')
INSERT INTO [dbo].[MLMessages_T] ([id], [MLLanguage_ID], [text]) VALUES (N'151       ', N'es_AR     ', N'Cantidad Templates por Usuario')
INSERT INTO [dbo].[MLMessages_T] ([id], [MLLanguage_ID], [text]) VALUES (N'152       ', N'en_us     ', N'Lotes per User')
INSERT INTO [dbo].[MLMessages_T] ([id], [MLLanguage_ID], [text]) VALUES (N'152       ', N'es_AR     ', N'Cantidad Lotes por Usuarios')
INSERT INTO [dbo].[MLMessages_T] ([id], [MLLanguage_ID], [text]) VALUES (N'153       ', N'en_us     ', N'Lotes per Day')
INSERT INTO [dbo].[MLMessages_T] ([id], [MLLanguage_ID], [text]) VALUES (N'153       ', N'es_AR     ', N'Cantidad Lotes por Dia')
INSERT INTO [dbo].[MLMessages_T] ([id], [MLLanguage_ID], [text]) VALUES (N'154       ', N'en_us     ', N'Templates per Day')
INSERT INTO [dbo].[MLMessages_T] ([id], [MLLanguage_ID], [text]) VALUES (N'154       ', N'es_AR     ', N'Cantidad Templates por Dia')
INSERT INTO [dbo].[MLMessages_T] ([id], [MLLanguage_ID], [text]) VALUES (N'155       ', N'en_us     ', N'Users per Day')
INSERT INTO [dbo].[MLMessages_T] ([id], [MLLanguage_ID], [text]) VALUES (N'155       ', N'es_AR     ', N'Cantidad de Usuarios por Dia')
INSERT INTO [dbo].[MLMessages_T] ([id], [MLLanguage_ID], [text]) VALUES (N'156       ', N'en_us     ', N'Lotes per Template')
INSERT INTO [dbo].[MLMessages_T] ([id], [MLLanguage_ID], [text]) VALUES (N'156       ', N'es_AR     ', N'Cantidad Lotes por Template')
INSERT INTO [dbo].[MLMessages_T] ([id], [MLLanguage_ID], [text]) VALUES (N'157       ', N'en_us     ', N'Help')
INSERT INTO [dbo].[MLMessages_T] ([id], [MLLanguage_ID], [text]) VALUES (N'157       ', N'es_AR     ', N'Ayuda')
INSERT INTO [dbo].[MLMessages_T] ([id], [MLLanguage_ID], [text]) VALUES (N'158       ', N'en_us     ', N'Data Security')
INSERT INTO [dbo].[MLMessages_T] ([id], [MLLanguage_ID], [text]) VALUES (N'158       ', N'es_AR     ', N'Seguridad Por Datos')
INSERT INTO [dbo].[MLMessages_T] ([id], [MLLanguage_ID], [text]) VALUES (N'159       ', N'en_us     ', N'Data Security by User')
INSERT INTO [dbo].[MLMessages_T] ([id], [MLLanguage_ID], [text]) VALUES (N'159       ', N'es_AR     ', N'Asignacion de Seguridad de Datos Por Usuario')
INSERT INTO [dbo].[MLMessages_T] ([id], [MLLanguage_ID], [text]) VALUES (N'16        ', N'en_us     ', N'Log-Off')
INSERT INTO [dbo].[MLMessages_T] ([id], [MLLanguage_ID], [text]) VALUES (N'16        ', N'es_AR     ', N'Log-Off')
INSERT INTO [dbo].[MLMessages_T] ([id], [MLLanguage_ID], [text]) VALUES (N'160       ', N'en_us     ', N'All Values')
INSERT INTO [dbo].[MLMessages_T] ([id], [MLLanguage_ID], [text]) VALUES (N'160       ', N'es_AR     ', N'Todos los Valores')
INSERT INTO [dbo].[MLMessages_T] ([id], [MLLanguage_ID], [text]) VALUES (N'161       ', N'en_us     ', N'Data Security by Group')
INSERT INTO [dbo].[MLMessages_T] ([id], [MLLanguage_ID], [text]) VALUES (N'161       ', N'es_AR     ', N'Asignacion de Seguridad de Datos Por Group')
INSERT INTO [dbo].[MLMessages_T] ([id], [MLLanguage_ID], [text]) VALUES (N'162       ', N'en_us     ', N'Storage Box')
INSERT INTO [dbo].[MLMessages_T] ([id], [MLLanguage_ID], [text]) VALUES (N'162       ', N'es_AR     ', N'Caja Guarda')
INSERT INTO [dbo].[MLMessages_T] ([id], [MLLanguage_ID], [text]) VALUES (N'163       ', N'en_us     ', N'Search without a Result')
INSERT INTO [dbo].[MLMessages_T] ([id], [MLLanguage_ID], [text]) VALUES (N'163       ', N'es_AR     ', N'Sin Resultado en la Busqueda')
INSERT INTO [dbo].[MLMessages_T] ([id], [MLLanguage_ID], [text]) VALUES (N'164       ', N'en_us     ', N'Document Section')
INSERT INTO [dbo].[MLMessages_T] ([id], [MLLanguage_ID], [text]) VALUES (N'164       ', N'es_AR     ', N'Seccion del Documento')
INSERT INTO [dbo].[MLMessages_T] ([id], [MLLanguage_ID], [text]) VALUES (N'165       ', N'en_us     ', N'Search:')
INSERT INTO [dbo].[MLMessages_T] ([id], [MLLanguage_ID], [text]) VALUES (N'165       ', N'es_AR     ', N'Busqueda:')
INSERT INTO [dbo].[MLMessages_T] ([id], [MLLanguage_ID], [text]) VALUES (N'166       ', N'en_us     ', N'Profile:')
INSERT INTO [dbo].[MLMessages_T] ([id], [MLLanguage_ID], [text]) VALUES (N'166       ', N'es_AR     ', N'Perfil')
INSERT INTO [dbo].[MLMessages_T] ([id], [MLLanguage_ID], [text]) VALUES (N'167       ', N'en_us     ', N'Advance')
INSERT INTO [dbo].[MLMessages_T] ([id], [MLLanguage_ID], [text]) VALUES (N'167       ', N'es_AR     ', N'Avanzada')
INSERT INTO [dbo].[MLMessages_T] ([id], [MLLanguage_ID], [text]) VALUES (N'168       ', N'en_us     ', N'Search by')
INSERT INTO [dbo].[MLMessages_T] ([id], [MLLanguage_ID], [text]) VALUES (N'168       ', N'es_AR     ', N'Busqueda Por')
INSERT INTO [dbo].[MLMessages_T] ([id], [MLLanguage_ID], [text]) VALUES (N'169       ', N'en_us     ', N'Search')
INSERT INTO [dbo].[MLMessages_T] ([id], [MLLanguage_ID], [text]) VALUES (N'169       ', N'es_AR     ', N'Busqueda')
INSERT INTO [dbo].[MLMessages_T] ([id], [MLLanguage_ID], [text]) VALUES (N'17        ', N'en_us     ', N'Change Password')
INSERT INTO [dbo].[MLMessages_T] ([id], [MLLanguage_ID], [text]) VALUES (N'17        ', N'es_AR     ', N'Cambiar Password')
INSERT INTO [dbo].[MLMessages_T] ([id], [MLLanguage_ID], [text]) VALUES (N'170       ', N'en_us     ', N'Change  my Password')
INSERT INTO [dbo].[MLMessages_T] ([id], [MLLanguage_ID], [text]) VALUES (N'170       ', N'es_AR     ', N'Cambiar mi Password')
INSERT INTO [dbo].[MLMessages_T] ([id], [MLLanguage_ID], [text]) VALUES (N'171       ', N'en_us     ', N'Select a line in the column Field and add search values in the column from to where')
INSERT INTO [dbo].[MLMessages_T] ([id], [MLLanguage_ID], [text]) VALUES (N'171       ', N'es_AR     ', N'Seleccione un datos de la columna Campo y vaya ingresando en el cuadro desde y hasta los datos de la busqueda')
INSERT INTO [dbo].[MLMessages_T] ([id], [MLLanguage_ID], [text]) VALUES (N'172       ', N'en_us     ', N'Complete the items in the line above and press the button to add a search item')
INSERT INTO [dbo].[MLMessages_T] ([id], [MLLanguage_ID], [text]) VALUES (N'172       ', N'es_AR     ', N'Complete los valores en la linea superior y presione el boton para Agregar un criterio de Busqueda')
INSERT INTO [dbo].[MLMessages_T] ([id], [MLLanguage_ID], [text]) VALUES (N'173       ', N'en_us     ', N'Image Count:')
INSERT INTO [dbo].[MLMessages_T] ([id], [MLLanguage_ID], [text]) VALUES (N'173       ', N'es_AR     ', N'Cantidad de Imagenes:')
INSERT INTO [dbo].[MLMessages_T] ([id], [MLLanguage_ID], [text]) VALUES (N'174       ', N'en_us     ', N'Change Image From')
INSERT INTO [dbo].[MLMessages_T] ([id], [MLLanguage_ID], [text]) VALUES (N'174       ', N'es_AR     ', N'Modificar Imagen Desde')
INSERT INTO [dbo].[MLMessages_T] ([id], [MLLanguage_ID], [text]) VALUES (N'175       ', N'en_us     ', N'Change Image To')
INSERT INTO [dbo].[MLMessages_T] ([id], [MLLanguage_ID], [text]) VALUES (N'175       ', N'es_AR     ', N'Modificar Imagen Hasta')
INSERT INTO [dbo].[MLMessages_T] ([id], [MLLanguage_ID], [text]) VALUES (N'176       ', N'en_us     ', N'Change Image Range')
INSERT INTO [dbo].[MLMessages_T] ([id], [MLLanguage_ID], [text]) VALUES (N'176       ', N'es_AR     ', N'Modificar Rango de Imagenes')
INSERT INTO [dbo].[MLMessages_T] ([id], [MLLanguage_ID], [text]) VALUES (N'177       ', N'en_us     ', N'Template Help')
INSERT INTO [dbo].[MLMessages_T] ([id], [MLLanguage_ID], [text]) VALUES (N'177       ', N'es_AR     ', N'Ayuda de la Plantilla')
INSERT INTO [dbo].[MLMessages_T] ([id], [MLLanguage_ID], [text]) VALUES (N'178       ', N'en_us     ', N'Link')
INSERT INTO [dbo].[MLMessages_T] ([id], [MLLanguage_ID], [text]) VALUES (N'178       ', N'es_AR     ', N'Link')
INSERT INTO [dbo].[MLMessages_T] ([id], [MLLanguage_ID], [text]) VALUES (N'179       ', N'en_us     ', N'View')
INSERT INTO [dbo].[MLMessages_T] ([id], [MLLanguage_ID], [text]) VALUES (N'179       ', N'es_AR     ', N'Ver')
INSERT INTO [dbo].[MLMessages_T] ([id], [MLLanguage_ID], [text]) VALUES (N'18        ', N'en_us     ', N'Search')
INSERT INTO [dbo].[MLMessages_T] ([id], [MLLanguage_ID], [text]) VALUES (N'18        ', N'es_AR     ', N'Consulta')
INSERT INTO [dbo].[MLMessages_T] ([id], [MLLanguage_ID], [text]) VALUES (N'180       ', N'en_us     ', N'Image Added by Day')
INSERT INTO [dbo].[MLMessages_T] ([id], [MLLanguage_ID], [text]) VALUES (N'180       ', N'es_AR     ', N'Imagenes Agregadas al Sistema por Dia')
INSERT INTO [dbo].[MLMessages_T] ([id], [MLLanguage_ID], [text]) VALUES (N'181       ', N'en_us     ', N'Image Count')
INSERT INTO [dbo].[MLMessages_T] ([id], [MLLanguage_ID], [text]) VALUES (N'181       ', N'es_AR     ', N'Cantidad de Imagenes')
INSERT INTO [dbo].[MLMessages_T] ([id], [MLLanguage_ID], [text]) VALUES (N'183       ', N'en_us     ', N'User Report')
INSERT INTO [dbo].[MLMessages_T] ([id], [MLLanguage_ID], [text]) VALUES (N'183       ', N'es_AR     ', N'Reporte de Usuarios')
INSERT INTO [dbo].[MLMessages_T] ([id], [MLLanguage_ID], [text]) VALUES (N'184       ', N'en_us     ', N'Group Report')
INSERT INTO [dbo].[MLMessages_T] ([id], [MLLanguage_ID], [text]) VALUES (N'184       ', N'es_AR     ', N'Reporte de Grupos')
INSERT INTO [dbo].[MLMessages_T] ([id], [MLLanguage_ID], [text]) VALUES (N'185       ', N'en_us     ', N'User Membership Report')
INSERT INTO [dbo].[MLMessages_T] ([id], [MLLanguage_ID], [text]) VALUES (N'185       ', N'es_AR     ', N'Reporte de Pertenencia de Usuarios a Grupos')
INSERT INTO [dbo].[MLMessages_T] ([id], [MLLanguage_ID], [text]) VALUES (N'186       ', N'en_us     ', N'Rol Report')
INSERT INTO [dbo].[MLMessages_T] ([id], [MLLanguage_ID], [text]) VALUES (N'186       ', N'es_AR     ', N'Reporte de Roles')
INSERT INTO [dbo].[MLMessages_T] ([id], [MLLanguage_ID], [text]) VALUES (N'187       ', N'en_us     ', N'Rol Task Report')
INSERT INTO [dbo].[MLMessages_T] ([id], [MLLanguage_ID], [text]) VALUES (N'187       ', N'es_AR     ', N'Reporte de Operaciones de Roles')
INSERT INTO [dbo].[MLMessages_T] ([id], [MLLanguage_ID], [text]) VALUES (N'188       ', N'en_us     ', N'Task in Rol Report')
INSERT INTO [dbo].[MLMessages_T] ([id], [MLLanguage_ID], [text]) VALUES (N'188       ', N'es_AR     ', N'Reporte de Tareas Asignadas a los Roles')
INSERT INTO [dbo].[MLMessages_T] ([id], [MLLanguage_ID], [text]) VALUES (N'189       ', N'en_us     ', N'User Roles Report')
INSERT INTO [dbo].[MLMessages_T] ([id], [MLLanguage_ID], [text]) VALUES (N'189       ', N'es_AR     ', N'Reporte de Usuarios y Roles')
INSERT INTO [dbo].[MLMessages_T] ([id], [MLLanguage_ID], [text]) VALUES (N'19        ', N'en_us     ', N'Searching in Progress ... Please wait a moment')
INSERT INTO [dbo].[MLMessages_T] ([id], [MLLanguage_ID], [text]) VALUES (N'19        ', N'es_AR     ', N'Se Esta Realizando su Busqueda ... Por Favor Espere')
INSERT INTO [dbo].[MLMessages_T] ([id], [MLLanguage_ID], [text]) VALUES (N'190       ', N'en_us     ', N'Group Roles Report')
INSERT INTO [dbo].[MLMessages_T] ([id], [MLLanguage_ID], [text]) VALUES (N'190       ', N'es_AR     ', N'Reporte de Grupos y Roles')
INSERT INTO [dbo].[MLMessages_T] ([id], [MLLanguage_ID], [text]) VALUES (N'191       ', N'en_us     ', N'Data Security for Group Report')
INSERT INTO [dbo].[MLMessages_T] ([id], [MLLanguage_ID], [text]) VALUES (N'191       ', N'es_AR     ', N'Reporte Seguridad de Datos para Grupos')
INSERT INTO [dbo].[MLMessages_T] ([id], [MLLanguage_ID], [text]) VALUES (N'192       ', N'en_us     ', N'Data Security for Users Report')
INSERT INTO [dbo].[MLMessages_T] ([id], [MLLanguage_ID], [text]) VALUES (N'192       ', N'es_AR     ', N'Reporte Seguridad de Datos para Usuarios')
INSERT INTO [dbo].[MLMessages_T] ([id], [MLLanguage_ID], [text]) VALUES (N'193       ', N'en_us     ', N'Task Report')
INSERT INTO [dbo].[MLMessages_T] ([id], [MLLanguage_ID], [text]) VALUES (N'193       ', N'es_AR     ', N'Reporte de Operaciones')
INSERT INTO [dbo].[MLMessages_T] ([id], [MLLanguage_ID], [text]) VALUES (N'194       ', N'en_us     ', N'Users and Task Report')
INSERT INTO [dbo].[MLMessages_T] ([id], [MLLanguage_ID], [text]) VALUES (N'194       ', N'es_AR     ', N'Reporte de Usuarios y Operaciones')
INSERT INTO [dbo].[MLMessages_T] ([id], [MLLanguage_ID], [text]) VALUES (N'195       ', N'en_us     ', N'Groups and Task Report')
INSERT INTO [dbo].[MLMessages_T] ([id], [MLLanguage_ID], [text]) VALUES (N'195       ', N'es_AR     ', N'Reporte de Grupos y Operaciones')
INSERT INTO [dbo].[MLMessages_T] ([id], [MLLanguage_ID], [text]) VALUES (N'196       ', N'en_us     ', N'Category Search')
INSERT INTO [dbo].[MLMessages_T] ([id], [MLLanguage_ID], [text]) VALUES (N'196       ', N'es_AR     ', N'Busqueda Tematica')
INSERT INTO [dbo].[MLMessages_T] ([id], [MLLanguage_ID], [text]) VALUES (N'197       ', N'en_us     ', N'Clear Form')
INSERT INTO [dbo].[MLMessages_T] ([id], [MLLanguage_ID], [text]) VALUES (N'197       ', N'es_AR     ', N'Limpiar Formulario')
INSERT INTO [dbo].[MLMessages_T] ([id], [MLLanguage_ID], [text]) VALUES (N'198       ', N'en_us     ', N'Advance search')
INSERT INTO [dbo].[MLMessages_T] ([id], [MLLanguage_ID], [text]) VALUES (N'198       ', N'es_AR     ', N'Busqueda Avanzada')
INSERT INTO [dbo].[MLMessages_T] ([id], [MLLanguage_ID], [text]) VALUES (N'199       ', N'en_us     ', N'Select one of the documents types (templates) from the window in the left.')
INSERT INTO [dbo].[MLMessages_T] ([id], [MLLanguage_ID], [text]) VALUES (N'199       ', N'es_AR     ', N'Seleccione alguno de los Tipos Documentales (plantillas) de la ventana de la izquierda')
INSERT INTO [dbo].[MLMessages_T] ([id], [MLLanguage_ID], [text]) VALUES (N'2         ', N'en_us     ', N'Please, fill the form')
INSERT INTO [dbo].[MLMessages_T] ([id], [MLLanguage_ID], [text]) VALUES (N'2         ', N'es_AR     ', N'Por favor, ingrese sus datos')
INSERT INTO [dbo].[MLMessages_T] ([id], [MLLanguage_ID], [text]) VALUES (N'20        ', N'en_us     ', N'Empty Search')
INSERT INTO [dbo].[MLMessages_T] ([id], [MLLanguage_ID], [text]) VALUES (N'20        ', N'es_AR     ', N'Texto de Busqueda Vacio')
INSERT INTO [dbo].[MLMessages_T] ([id], [MLLanguage_ID], [text]) VALUES (N'200       ', N'en_us     ', N'Preview of the first page')
INSERT INTO [dbo].[MLMessages_T] ([id], [MLLanguage_ID], [text]) VALUES (N'200       ', N'es_AR     ', N'Previsual de la primera hoja')
INSERT INTO [dbo].[MLMessages_T] ([id], [MLLanguage_ID], [text]) VALUES (N'201       ', N'en_us     ', N'To view all image of te document please dobleClick in the row of the document you want to see.')
INSERT INTO [dbo].[MLMessages_T] ([id], [MLLanguage_ID], [text]) VALUES (N'201       ', N'es_AR     ', N'Para ver el documento completo presione DobleClick sobre la linea del documento que desea visualizar')
INSERT INTO [dbo].[MLMessages_T] ([id], [MLLanguage_ID], [text]) VALUES (N'202       ', N'en_us     ', N'How to send email')
INSERT INTO [dbo].[MLMessages_T] ([id], [MLLanguage_ID], [text]) VALUES (N'202       ', N'es_AR     ', N'Como enviar su email')
INSERT INTO [dbo].[MLMessages_T] ([id], [MLLanguage_ID], [text]) VALUES (N'203       ', N'en_us     ', N'Verify Signature')
INSERT INTO [dbo].[MLMessages_T] ([id], [MLLanguage_ID], [text]) VALUES (N'203       ', N'es_AR     ', N'Verificar Firma')
INSERT INTO [dbo].[MLMessages_T] ([id], [MLLanguage_ID], [text]) VALUES (N'204       ', N'en_us     ', N'This is not a strong password.')
INSERT INTO [dbo].[MLMessages_T] ([id], [MLLanguage_ID], [text]) VALUES (N'204       ', N'es_AR     ', N'Password no cumple codiciones de seguridad')
INSERT INTO [dbo].[MLMessages_T] ([id], [MLLanguage_ID], [text]) VALUES (N'21        ', N'en_us     ', N'No Document Selected')
INSERT INTO [dbo].[MLMessages_T] ([id], [MLLanguage_ID], [text]) VALUES (N'21        ', N'es_AR     ', N'Plantilla No Seleccionada')
INSERT INTO [dbo].[MLMessages_T] ([id], [MLLanguage_ID], [text]) VALUES (N'22        ', N'en_us     ', N'Custom Search')
INSERT INTO [dbo].[MLMessages_T] ([id], [MLLanguage_ID], [text]) VALUES (N'22        ', N'es_AR     ', N'Busqueda Personalizada')
INSERT INTO [dbo].[MLMessages_T] ([id], [MLLanguage_ID], [text]) VALUES (N'23        ', N'en_us     ', N'Search')
INSERT INTO [dbo].[MLMessages_T] ([id], [MLLanguage_ID], [text]) VALUES (N'23        ', N'es_AR     ', N'Buscar')
INSERT INTO [dbo].[MLMessages_T] ([id], [MLLanguage_ID], [text]) VALUES (N'24        ', N'en_us     ', N'Saved Searchs')
INSERT INTO [dbo].[MLMessages_T] ([id], [MLLanguage_ID], [text]) VALUES (N'24        ', N'es_AR     ', N'Busquedas Grabadas')
INSERT INTO [dbo].[MLMessages_T] ([id], [MLLanguage_ID], [text]) VALUES (N'25        ', N'en_us     ', N'Recient Searchs')
INSERT INTO [dbo].[MLMessages_T] ([id], [MLLanguage_ID], [text]) VALUES (N'25        ', N'es_AR     ', N'Busquedas Recientes')
INSERT INTO [dbo].[MLMessages_T] ([id], [MLLanguage_ID], [text]) VALUES (N'250       ', N'en_us     ', N'Rotate Image')
INSERT INTO [dbo].[MLMessages_T] ([id], [MLLanguage_ID], [text]) VALUES (N'250       ', N'es_AR     ', N'Rotar Imagenes')
INSERT INTO [dbo].[MLMessages_T] ([id], [MLLanguage_ID], [text]) VALUES (N'251       ', N'en_us     ', N'0 Degrees')
INSERT INTO [dbo].[MLMessages_T] ([id], [MLLanguage_ID], [text]) VALUES (N'251       ', N'es_AR     ', N'0 Grados')
INSERT INTO [dbo].[MLMessages_T] ([id], [MLLanguage_ID], [text]) VALUES (N'252       ', N'en_us     ', N'90 Degrees')
INSERT INTO [dbo].[MLMessages_T] ([id], [MLLanguage_ID], [text]) VALUES (N'252       ', N'es_AR     ', N'90 Grados')
INSERT INTO [dbo].[MLMessages_T] ([id], [MLLanguage_ID], [text]) VALUES (N'253       ', N'en_us     ', N'180 Degrees')
INSERT INTO [dbo].[MLMessages_T] ([id], [MLLanguage_ID], [text]) VALUES (N'253       ', N'es_AR     ', N'180 Grados')
INSERT INTO [dbo].[MLMessages_T] ([id], [MLLanguage_ID], [text]) VALUES (N'254       ', N'en_us     ', N'270 Degrees')
INSERT INTO [dbo].[MLMessages_T] ([id], [MLLanguage_ID], [text]) VALUES (N'254       ', N'es_AR     ', N'270 Grados')
INSERT INTO [dbo].[MLMessages_T] ([id], [MLLanguage_ID], [text]) VALUES (N'255       ', N'en_us     ', N'Location')
INSERT INTO [dbo].[MLMessages_T] ([id], [MLLanguage_ID], [text]) VALUES (N'255       ', N'es_AR     ', N'Ubicacion')
INSERT INTO [dbo].[MLMessages_T] ([id], [MLLanguage_ID], [text]) VALUES (N'256       ', N'en_us     ', N'Licences')
INSERT INTO [dbo].[MLMessages_T] ([id], [MLLanguage_ID], [text]) VALUES (N'256       ', N'es_AR     ', N'Licencias')
INSERT INTO [dbo].[MLMessages_T] ([id], [MLLanguage_ID], [text]) VALUES (N'257       ', N'en_us     ', N'you do not have more licences')
INSERT INTO [dbo].[MLMessages_T] ([id], [MLLanguage_ID], [text]) VALUES (N'257       ', N'es_AR     ', N'Licencias Agotadas')
INSERT INTO [dbo].[MLMessages_T] ([id], [MLLanguage_ID], [text]) VALUES (N'258       ', N'en_us     ', N'#')
INSERT INTO [dbo].[MLMessages_T] ([id], [MLLanguage_ID], [text]) VALUES (N'258       ', N'es_AR     ', N'#')
INSERT INTO [dbo].[MLMessages_T] ([id], [MLLanguage_ID], [text]) VALUES (N'259       ', N'en_us     ', N'Location')
INSERT INTO [dbo].[MLMessages_T] ([id], [MLLanguage_ID], [text]) VALUES (N'259       ', N'es_AR     ', N'Ubicacion')
INSERT INTO [dbo].[MLMessages_T] ([id], [MLLanguage_ID], [text]) VALUES (N'26        ', N'en_us     ', N'(')
INSERT INTO [dbo].[MLMessages_T] ([id], [MLLanguage_ID], [text]) VALUES (N'26        ', N'es_AR     ', N'(')
INSERT INTO [dbo].[MLMessages_T] ([id], [MLLanguage_ID], [text]) VALUES (N'27        ', N'en_us     ', N'Field')
INSERT INTO [dbo].[MLMessages_T] ([id], [MLLanguage_ID], [text]) VALUES (N'27        ', N'es_AR     ', N'Campo')
INSERT INTO [dbo].[MLMessages_T] ([id], [MLLanguage_ID], [text]) VALUES (N'28        ', N'en_us     ', N'Operator')
INSERT INTO [dbo].[MLMessages_T] ([id], [MLLanguage_ID], [text]) VALUES (N'28        ', N'es_AR     ', N'Operador')
INSERT INTO [dbo].[MLMessages_T] ([id], [MLLanguage_ID], [text]) VALUES (N'29        ', N'en_us     ', N'Value')
INSERT INTO [dbo].[MLMessages_T] ([id], [MLLanguage_ID], [text]) VALUES (N'29        ', N'es_AR     ', N'Valor')
INSERT INTO [dbo].[MLMessages_T] ([id], [MLLanguage_ID], [text]) VALUES (N'3         ', N'en_us     ', N'Language')
INSERT INTO [dbo].[MLMessages_T] ([id], [MLLanguage_ID], [text]) VALUES (N'3         ', N'es_AR     ', N'Idioma')
INSERT INTO [dbo].[MLMessages_T] ([id], [MLLanguage_ID], [text]) VALUES (N'30        ', N'en_us     ', N')')
INSERT INTO [dbo].[MLMessages_T] ([id], [MLLanguage_ID], [text]) VALUES (N'30        ', N'es_AR     ', N')')
INSERT INTO [dbo].[MLMessages_T] ([id], [MLLanguage_ID], [text]) VALUES (N'31        ', N'en_us     ', N'Operator Row')
INSERT INTO [dbo].[MLMessages_T] ([id], [MLLanguage_ID], [text]) VALUES (N'31        ', N'es_AR     ', N'Operador Fila')
INSERT INTO [dbo].[MLMessages_T] ([id], [MLLanguage_ID], [text]) VALUES (N'32        ', N'en_us     ', N'Add Line')
INSERT INTO [dbo].[MLMessages_T] ([id], [MLLanguage_ID], [text]) VALUES (N'32        ', N'es_AR     ', N'Agregar Linea')
INSERT INTO [dbo].[MLMessages_T] ([id], [MLLanguage_ID], [text]) VALUES (N'33        ', N'en_us     ', N'Save Search')
INSERT INTO [dbo].[MLMessages_T] ([id], [MLLanguage_ID], [text]) VALUES (N'33        ', N'es_AR     ', N'Guardar Busqueda')
INSERT INTO [dbo].[MLMessages_T] ([id], [MLLanguage_ID], [text]) VALUES (N'34        ', N'en_us     ', N'Name')
INSERT INTO [dbo].[MLMessages_T] ([id], [MLLanguage_ID], [text]) VALUES (N'34        ', N'es_AR     ', N'Nombre')
INSERT INTO [dbo].[MLMessages_T] ([id], [MLLanguage_ID], [text]) VALUES (N'35        ', N'en_us     ', N'Back')
INSERT INTO [dbo].[MLMessages_T] ([id], [MLLanguage_ID], [text]) VALUES (N'35        ', N'es_AR     ', N'Volver')
INSERT INTO [dbo].[MLMessages_T] ([id], [MLLanguage_ID], [text]) VALUES (N'36        ', N'en_us     ', N'Field ID')
INSERT INTO [dbo].[MLMessages_T] ([id], [MLLanguage_ID], [text]) VALUES (N'36        ', N'es_AR     ', N'Campo ID')
INSERT INTO [dbo].[MLMessages_T] ([id], [MLLanguage_ID], [text]) VALUES (N'37        ', N'en_us     ', N'View Image')
INSERT INTO [dbo].[MLMessages_T] ([id], [MLLanguage_ID], [text]) VALUES (N'37        ', N'es_AR     ', N'Ver Imagen')
INSERT INTO [dbo].[MLMessages_T] ([id], [MLLanguage_ID], [text]) VALUES (N'38        ', N'en_us     ', N'Of')
INSERT INTO [dbo].[MLMessages_T] ([id], [MLLanguage_ID], [text]) VALUES (N'38        ', N'es_AR     ', N'De')
INSERT INTO [dbo].[MLMessages_T] ([id], [MLLanguage_ID], [text]) VALUES (N'39        ', N'en_us     ', N'Go To')
INSERT INTO [dbo].[MLMessages_T] ([id], [MLLanguage_ID], [text]) VALUES (N'39        ', N'es_AR     ', N'Ir')
INSERT INTO [dbo].[MLMessages_T] ([id], [MLLanguage_ID], [text]) VALUES (N'4         ', N'en_us     ', N'login')
INSERT INTO [dbo].[MLMessages_T] ([id], [MLLanguage_ID], [text]) VALUES (N'4         ', N'es_AR     ', N'login')
INSERT INTO [dbo].[MLMessages_T] ([id], [MLLanguage_ID], [text]) VALUES (N'40        ', N'en_us     ', N'Notes')
INSERT INTO [dbo].[MLMessages_T] ([id], [MLLanguage_ID], [text]) VALUES (N'40        ', N'es_AR     ', N'Notas')
INSERT INTO [dbo].[MLMessages_T] ([id], [MLLanguage_ID], [text]) VALUES (N'41        ', N'en_us     ', N'Box')
INSERT INTO [dbo].[MLMessages_T] ([id], [MLLanguage_ID], [text]) VALUES (N'41        ', N'es_AR     ', N'Caja')
INSERT INTO [dbo].[MLMessages_T] ([id], [MLLanguage_ID], [text]) VALUES (N'42        ', N'en_us     ', N'Lote')
INSERT INTO [dbo].[MLMessages_T] ([id], [MLLanguage_ID], [text]) VALUES (N'42        ', N'es_AR     ', N'Lote')
INSERT INTO [dbo].[MLMessages_T] ([id], [MLLanguage_ID], [text]) VALUES (N'43        ', N'en_us     ', N'Number')
INSERT INTO [dbo].[MLMessages_T] ([id], [MLLanguage_ID], [text]) VALUES (N'43        ', N'es_AR     ', N'Orden')
INSERT INTO [dbo].[MLMessages_T] ([id], [MLLanguage_ID], [text]) VALUES (N'44        ', N'en_us     ', N'Data Modification')
INSERT INTO [dbo].[MLMessages_T] ([id], [MLLanguage_ID], [text]) VALUES (N'44        ', N'es_AR     ', N'Modificacion de Indices')
INSERT INTO [dbo].[MLMessages_T] ([id], [MLLanguage_ID], [text]) VALUES (N'45        ', N'en_us     ', N'Confirm')
INSERT INTO [dbo].[MLMessages_T] ([id], [MLLanguage_ID], [text]) VALUES (N'45        ', N'es_AR     ', N'Confirmar')
INSERT INTO [dbo].[MLMessages_T] ([id], [MLLanguage_ID], [text]) VALUES (N'46        ', N'en_us     ', N'Result')
INSERT INTO [dbo].[MLMessages_T] ([id], [MLLanguage_ID], [text]) VALUES (N'46        ', N'es_AR     ', N'Resultado')
INSERT INTO [dbo].[MLMessages_T] ([id], [MLLanguage_ID], [text]) VALUES (N'47        ', N'en_us     ', N'Results Number')
INSERT INTO [dbo].[MLMessages_T] ([id], [MLLanguage_ID], [text]) VALUES (N'47        ', N'es_AR     ', N'Cantidad de Resultados')
INSERT INTO [dbo].[MLMessages_T] ([id], [MLLanguage_ID], [text]) VALUES (N'48        ', N'en_us     ', N'Date')
INSERT INTO [dbo].[MLMessages_T] ([id], [MLLanguage_ID], [text]) VALUES (N'48        ', N'es_AR     ', N'Fecha')
INSERT INTO [dbo].[MLMessages_T] ([id], [MLLanguage_ID], [text]) VALUES (N'49        ', N'en_us     ', N'Operation')
INSERT INTO [dbo].[MLMessages_T] ([id], [MLLanguage_ID], [text]) VALUES (N'49        ', N'es_AR     ', N'Operacion')
INSERT INTO [dbo].[MLMessages_T] ([id], [MLLanguage_ID], [text]) VALUES (N'5         ', N'en_us     ', N'User Not Exits')
INSERT INTO [dbo].[MLMessages_T] ([id], [MLLanguage_ID], [text]) VALUES (N'5         ', N'es_AR     ', N'Usuario Inexistente')
INSERT INTO [dbo].[MLMessages_T] ([id], [MLLanguage_ID], [text]) VALUES (N'50        ', N'en_us     ', N'Observation')
INSERT INTO [dbo].[MLMessages_T] ([id], [MLLanguage_ID], [text]) VALUES (N'50        ', N'es_AR     ', N'Observacion')
INSERT INTO [dbo].[MLMessages_T] ([id], [MLLanguage_ID], [text]) VALUES (N'51        ', N'en_us     ', N'Number')
INSERT INTO [dbo].[MLMessages_T] ([id], [MLLanguage_ID], [text]) VALUES (N'51        ', N'es_AR     ', N'Numero')
INSERT INTO [dbo].[MLMessages_T] ([id], [MLLanguage_ID], [text]) VALUES (N'52        ', N'en_us     ', N'From')
INSERT INTO [dbo].[MLMessages_T] ([id], [MLLanguage_ID], [text]) VALUES (N'52        ', N'es_AR     ', N'Desde')
INSERT INTO [dbo].[MLMessages_T] ([id], [MLLanguage_ID], [text]) VALUES (N'53        ', N'en_us     ', N'To')
INSERT INTO [dbo].[MLMessages_T] ([id], [MLLanguage_ID], [text]) VALUES (N'53        ', N'es_AR     ', N'Hasta')
INSERT INTO [dbo].[MLMessages_T] ([id], [MLLanguage_ID], [text]) VALUES (N'54        ', N'en_us     ', N'Group Search')
INSERT INTO [dbo].[MLMessages_T] ([id], [MLLanguage_ID], [text]) VALUES (N'54        ', N'es_AR     ', N'Busqueda de Grupos')
INSERT INTO [dbo].[MLMessages_T] ([id], [MLLanguage_ID], [text]) VALUES (N'55        ', N'en_us     ', N'Group ID')
INSERT INTO [dbo].[MLMessages_T] ([id], [MLLanguage_ID], [text]) VALUES (N'55        ', N'es_AR     ', N'ID Grupo')
INSERT INTO [dbo].[MLMessages_T] ([id], [MLLanguage_ID], [text]) VALUES (N'56        ', N'en_us     ', N'Description')
INSERT INTO [dbo].[MLMessages_T] ([id], [MLLanguage_ID], [text]) VALUES (N'56        ', N'es_AR     ', N'Descripcion')
INSERT INTO [dbo].[MLMessages_T] ([id], [MLLanguage_ID], [text]) VALUES (N'57        ', N'en_us     ', N'Add')
INSERT INTO [dbo].[MLMessages_T] ([id], [MLLanguage_ID], [text]) VALUES (N'57        ', N'es_AR     ', N'Alta')
INSERT INTO [dbo].[MLMessages_T] ([id], [MLLanguage_ID], [text]) VALUES (N'58        ', N'en_us     ', N'Operational Search')
INSERT INTO [dbo].[MLMessages_T] ([id], [MLLanguage_ID], [text]) VALUES (N'58        ', N'es_AR     ', N'Busqueda de Operaciones')
INSERT INTO [dbo].[MLMessages_T] ([id], [MLLanguage_ID], [text]) VALUES (N'59        ', N'en_us     ', N'Operation ID')
INSERT INTO [dbo].[MLMessages_T] ([id], [MLLanguage_ID], [text]) VALUES (N'59        ', N'es_AR     ', N'Operacion ID')
INSERT INTO [dbo].[MLMessages_T] ([id], [MLLanguage_ID], [text]) VALUES (N'6         ', N'en_us     ', N'User')
INSERT INTO [dbo].[MLMessages_T] ([id], [MLLanguage_ID], [text]) VALUES (N'6         ', N'es_AR     ', N'Usuario')
INSERT INTO [dbo].[MLMessages_T] ([id], [MLLanguage_ID], [text]) VALUES (N'60        ', N'en_us     ', N'Last Number')
INSERT INTO [dbo].[MLMessages_T] ([id], [MLLanguage_ID], [text]) VALUES (N'60        ', N'es_AR     ', N'Ultimo Numero')
INSERT INTO [dbo].[MLMessages_T] ([id], [MLLanguage_ID], [text]) VALUES (N'61        ', N'en_us     ', N'Roles Search')
INSERT INTO [dbo].[MLMessages_T] ([id], [MLLanguage_ID], [text]) VALUES (N'61        ', N'es_AR     ', N'Busqueda de Roles')
INSERT INTO [dbo].[MLMessages_T] ([id], [MLLanguage_ID], [text]) VALUES (N'62        ', N'en_us     ', N'Role Tasks Search')
INSERT INTO [dbo].[MLMessages_T] ([id], [MLLanguage_ID], [text]) VALUES (N'62        ', N'es_AR     ', N'Busqueda de Operaciones de Roles')
INSERT INTO [dbo].[MLMessages_T] ([id], [MLLanguage_ID], [text]) VALUES (N'63        ', N'en_us     ', N'&nbspOperation&nbspSearch')
INSERT INTO [dbo].[MLMessages_T] ([id], [MLLanguage_ID], [text]) VALUES (N'63        ', N'es_AR     ', N'&nbspBusqueda&nbspde&nbspOperaciones')
INSERT INTO [dbo].[MLMessages_T] ([id], [MLLanguage_ID], [text]) VALUES (N'64        ', N'en_us     ', N'Role ID')
INSERT INTO [dbo].[MLMessages_T] ([id], [MLLanguage_ID], [text]) VALUES (N'64        ', N'es_AR     ', N'ID Rol')
INSERT INTO [dbo].[MLMessages_T] ([id], [MLLanguage_ID], [text]) VALUES (N'65        ', N'en_us     ', N'User Search')
INSERT INTO [dbo].[MLMessages_T] ([id], [MLLanguage_ID], [text]) VALUES (N'65        ', N'es_AR     ', N'Busqueda de Usuarios')
INSERT INTO [dbo].[MLMessages_T] ([id], [MLLanguage_ID], [text]) VALUES (N'66        ', N'en_us     ', N'User Name')
INSERT INTO [dbo].[MLMessages_T] ([id], [MLLanguage_ID], [text]) VALUES (N'66        ', N'es_AR     ', N'Nombre de Usuario')
INSERT INTO [dbo].[MLMessages_T] ([id], [MLLanguage_ID], [text]) VALUES (N'67        ', N'en_us     ', N'Group Add')
INSERT INTO [dbo].[MLMessages_T] ([id], [MLLanguage_ID], [text]) VALUES (N'67        ', N'es_AR     ', N'Alta de Grupo')
INSERT INTO [dbo].[MLMessages_T] ([id], [MLLanguage_ID], [text]) VALUES (N'68        ', N'en_us     ', N'Add')
INSERT INTO [dbo].[MLMessages_T] ([id], [MLLanguage_ID], [text]) VALUES (N'68        ', N'es_AR     ', N'Alta')
INSERT INTO [dbo].[MLMessages_T] ([id], [MLLanguage_ID], [text]) VALUES (N'69        ', N'en_us     ', N'Group Already Exits')
INSERT INTO [dbo].[MLMessages_T] ([id], [MLLanguage_ID], [text]) VALUES (N'69        ', N'es_AR     ', N'El Grupo ya Existe')
INSERT INTO [dbo].[MLMessages_T] ([id], [MLLanguage_ID], [text]) VALUES (N'7         ', N'en_us     ', N'All Rights Reserved.')
INSERT INTO [dbo].[MLMessages_T] ([id], [MLLanguage_ID], [text]) VALUES (N'7         ', N'es_AR     ', N'Todos los Derechos Reservados')
INSERT INTO [dbo].[MLMessages_T] ([id], [MLLanguage_ID], [text]) VALUES (N'70        ', N'en_us     ', N'Group Detail')
INSERT INTO [dbo].[MLMessages_T] ([id], [MLLanguage_ID], [text]) VALUES (N'70        ', N'es_AR     ', N'Detalle del Grupo')
INSERT INTO [dbo].[MLMessages_T] ([id], [MLLanguage_ID], [text]) VALUES (N'71        ', N'en_us     ', N'Modify')
INSERT INTO [dbo].[MLMessages_T] ([id], [MLLanguage_ID], [text]) VALUES (N'71        ', N'es_AR     ', N'Modificar')
INSERT INTO [dbo].[MLMessages_T] ([id], [MLLanguage_ID], [text]) VALUES (N'72        ', N'en_us     ', N'Ok')
INSERT INTO [dbo].[MLMessages_T] ([id], [MLLanguage_ID], [text]) VALUES (N'72        ', N'es_AR     ', N'Aceptar')
INSERT INTO [dbo].[MLMessages_T] ([id], [MLLanguage_ID], [text]) VALUES (N'73        ', N'en_us     ', N'User Asign')
INSERT INTO [dbo].[MLMessages_T] ([id], [MLLanguage_ID], [text]) VALUES (N'73        ', N'es_AR     ', N'Asignacion de Usuarios')
INSERT INTO [dbo].[MLMessages_T] ([id], [MLLanguage_ID], [text]) VALUES (N'74        ', N'en_us     ', N'Delete')
INSERT INTO [dbo].[MLMessages_T] ([id], [MLLanguage_ID], [text]) VALUES (N'74        ', N'es_AR     ', N'Borrar')
INSERT INTO [dbo].[MLMessages_T] ([id], [MLLanguage_ID], [text]) VALUES (N'75        ', N'en_us     ', N'Role Asign')
INSERT INTO [dbo].[MLMessages_T] ([id], [MLLanguage_ID], [text]) VALUES (N'75        ', N'es_AR     ', N'Asignacion de Roles')
INSERT INTO [dbo].[MLMessages_T] ([id], [MLLanguage_ID], [text]) VALUES (N'76        ', N'en_us     ', N'Users')
INSERT INTO [dbo].[MLMessages_T] ([id], [MLLanguage_ID], [text]) VALUES (N'76        ', N'es_AR     ', N'Usuarios')
INSERT INTO [dbo].[MLMessages_T] ([id], [MLLanguage_ID], [text]) VALUES (N'77        ', N'en_us     ', N'Roles')
INSERT INTO [dbo].[MLMessages_T] ([id], [MLLanguage_ID], [text]) VALUES (N'77        ', N'es_AR     ', N'Roles')
INSERT INTO [dbo].[MLMessages_T] ([id], [MLLanguage_ID], [text]) VALUES (N'78        ', N'en_us     ', N'Template')
INSERT INTO [dbo].[MLMessages_T] ([id], [MLLanguage_ID], [text]) VALUES (N'78        ', N'es_AR     ', N'Plantilla')
INSERT INTO [dbo].[MLMessages_T] ([id], [MLLanguage_ID], [text]) VALUES (N'79        ', N'en_us     ', N'Company')
INSERT INTO [dbo].[MLMessages_T] ([id], [MLLanguage_ID], [text]) VALUES (N'79        ', N'es_AR     ', N'Empresa')
INSERT INTO [dbo].[MLMessages_T] ([id], [MLLanguage_ID], [text]) VALUES (N'8         ', N'en_us     ', N'Refresh')
INSERT INTO [dbo].[MLMessages_T] ([id], [MLLanguage_ID], [text]) VALUES (N'8         ', N'es_AR     ', N'Refrescar')
INSERT INTO [dbo].[MLMessages_T] ([id], [MLLanguage_ID], [text]) VALUES (N'80        ', N'en_us     ', N'Role Asign to Group')
INSERT INTO [dbo].[MLMessages_T] ([id], [MLLanguage_ID], [text]) VALUES (N'80        ', N'es_AR     ', N'Asignacion de Roles al Grupo')
INSERT INTO [dbo].[MLMessages_T] ([id], [MLLanguage_ID], [text]) VALUES (N'81        ', N'en_us     ', N'Existing Roles')
INSERT INTO [dbo].[MLMessages_T] ([id], [MLLanguage_ID], [text]) VALUES (N'81        ', N'es_AR     ', N'Roles Existentes')
INSERT INTO [dbo].[MLMessages_T] ([id], [MLLanguage_ID], [text]) VALUES (N'82        ', N'en_us     ', N'Roles Asigned')
INSERT INTO [dbo].[MLMessages_T] ([id], [MLLanguage_ID], [text]) VALUES (N'82        ', N'es_AR     ', N'Roles Asignados')
INSERT INTO [dbo].[MLMessages_T] ([id], [MLLanguage_ID], [text]) VALUES (N'83        ', N'en_us     ', N'All Companies and all Templates')
INSERT INTO [dbo].[MLMessages_T] ([id], [MLLanguage_ID], [text]) VALUES (N'83        ', N'es_AR     ', N'Todas las Empresas y Todas las Plantillas')
INSERT INTO [dbo].[MLMessages_T] ([id], [MLLanguage_ID], [text]) VALUES (N'84        ', N'en_us     ', N'All Templates of the Company')
INSERT INTO [dbo].[MLMessages_T] ([id], [MLLanguage_ID], [text]) VALUES (N'84        ', N'es_AR     ', N'Todas las Plantillas de la Empresa')
INSERT INTO [dbo].[MLMessages_T] ([id], [MLLanguage_ID], [text]) VALUES (N'85        ', N'en_us     ', N'Group Asign to User')
INSERT INTO [dbo].[MLMessages_T] ([id], [MLLanguage_ID], [text]) VALUES (N'85        ', N'es_AR     ', N'Asignacion de Grupos al Usuario')
INSERT INTO [dbo].[MLMessages_T] ([id], [MLLanguage_ID], [text]) VALUES (N'86        ', N'en_us     ', N'Existing Groups')
INSERT INTO [dbo].[MLMessages_T] ([id], [MLLanguage_ID], [text]) VALUES (N'86        ', N'es_AR     ', N'Grupos Existenes')
INSERT INTO [dbo].[MLMessages_T] ([id], [MLLanguage_ID], [text]) VALUES (N'87        ', N'en_us     ', N'Groups Asigned')
INSERT INTO [dbo].[MLMessages_T] ([id], [MLLanguage_ID], [text]) VALUES (N'87        ', N'es_AR     ', N'Grupos Asignados')
INSERT INTO [dbo].[MLMessages_T] ([id], [MLLanguage_ID], [text]) VALUES (N'88        ', N'en_us     ', N'User Asign to Group')
INSERT INTO [dbo].[MLMessages_T] ([id], [MLLanguage_ID], [text]) VALUES (N'88        ', N'es_AR     ', N'Asignacion de Usuarios al Grupo')
INSERT INTO [dbo].[MLMessages_T] ([id], [MLLanguage_ID], [text]) VALUES (N'89        ', N'en_us     ', N'Existing User')
INSERT INTO [dbo].[MLMessages_T] ([id], [MLLanguage_ID], [text]) VALUES (N'89        ', N'es_AR     ', N'Usuarios Existentes')
INSERT INTO [dbo].[MLMessages_T] ([id], [MLLanguage_ID], [text]) VALUES (N'9         ', N'en_us     ', N'Control Panel')
INSERT INTO [dbo].[MLMessages_T] ([id], [MLLanguage_ID], [text]) VALUES (N'9         ', N'es_AR     ', N'Panel de Control')
INSERT INTO [dbo].[MLMessages_T] ([id], [MLLanguage_ID], [text]) VALUES (N'90        ', N'en_us     ', N'Users Asigned')
INSERT INTO [dbo].[MLMessages_T] ([id], [MLLanguage_ID], [text]) VALUES (N'90        ', N'es_AR     ', N'Usuarios Asignados')
INSERT INTO [dbo].[MLMessages_T] ([id], [MLLanguage_ID], [text]) VALUES (N'92        ', N'en_us     ', N'Permissions Asign')
INSERT INTO [dbo].[MLMessages_T] ([id], [MLLanguage_ID], [text]) VALUES (N'92        ', N'es_AR     ', N'Asignacion de Permisos')
INSERT INTO [dbo].[MLMessages_T] ([id], [MLLanguage_ID], [text]) VALUES (N'93        ', N'en_us     ', N'Add Role')
INSERT INTO [dbo].[MLMessages_T] ([id], [MLLanguage_ID], [text]) VALUES (N'93        ', N'es_AR     ', N'Alta de Rol')
INSERT INTO [dbo].[MLMessages_T] ([id], [MLLanguage_ID], [text]) VALUES (N'94        ', N'en_us     ', N'Role already Exits')
INSERT INTO [dbo].[MLMessages_T] ([id], [MLLanguage_ID], [text]) VALUES (N'94        ', N'es_AR     ', N'Rol ya Existentes')
INSERT INTO [dbo].[MLMessages_T] ([id], [MLLanguage_ID], [text]) VALUES (N'95        ', N'en_us     ', N'Role Detail')
INSERT INTO [dbo].[MLMessages_T] ([id], [MLLanguage_ID], [text]) VALUES (N'95        ', N'es_AR     ', N'Detalle del Rol')
INSERT INTO [dbo].[MLMessages_T] ([id], [MLLanguage_ID], [text]) VALUES (N'96        ', N'en_us     ', N'Group Asignment')
INSERT INTO [dbo].[MLMessages_T] ([id], [MLLanguage_ID], [text]) VALUES (N'96        ', N'es_AR     ', N'Asignacion de Grupos')
INSERT INTO [dbo].[MLMessages_T] ([id], [MLLanguage_ID], [text]) VALUES (N'97        ', N'en_us     ', N'Add User')
INSERT INTO [dbo].[MLMessages_T] ([id], [MLLanguage_ID], [text]) VALUES (N'97        ', N'es_AR     ', N'Alta de Usuario')
INSERT INTO [dbo].[MLMessages_T] ([id], [MLLanguage_ID], [text]) VALUES (N'98        ', N'en_us     ', N'The Passwords did not Match')
INSERT INTO [dbo].[MLMessages_T] ([id], [MLLanguage_ID], [text]) VALUES (N'98        ', N'es_AR     ', N'Los Passwords no Coinciden')
INSERT INTO [dbo].[MLMessages_T] ([id], [MLLanguage_ID], [text]) VALUES (N'99        ', N'en_us     ', N'User Already Exits')
INSERT INTO [dbo].[MLMessages_T] ([id], [MLLanguage_ID], [text]) VALUES (N'99        ', N'es_AR     ', N'Usuario Existente')
INSERT INTO [dbo].[user_T] ([user_id], [nameComplete], [descr], [changePassword], [notAllowChangePassword], [bloq], [del], [password], [networkAlias], [fechalogin], [fechapassword], [reintetoslogin]) VALUES (N'ADMIN                                             ', N'Administrador', N'System Administrator', N'N', N'N', N'N', N'N', N'E10ADC3949BA59ABBE56E057F20F883E                                                                    ', N'', NULL, NULL, NULL)
INSERT INTO [dbo].[permissions_groups_T] ([task_id_fk], [group_id_fk]) VALUES (N'LOGIN                                             ', N'users                                             ')
INSERT INTO [dbo].[permissions_groups_T] ([task_id_fk], [group_id_fk]) VALUES (N'MODPASS                                           ', N'users                                             ')
INSERT INTO [dbo].[device] ([coddev], [descrip], [tipo], [libre]) VALUES (1, N'CDROM', 2, 0)
INSERT INTO [dbo].[device] ([coddev], [descrip], [tipo], [libre]) VALUES (2, N'MAGNETICO', 1, 50000000)
INSERT INTO [dbo].[device] ([coddev], [descrip], [tipo], [libre]) VALUES (3, N'OPTICO', 1, 1000000)
INSERT INTO [dbo].[device] ([coddev], [descrip], [tipo], [libre]) VALUES (4, N'WORM', 3, 1300000)
INSERT INTO [dbo].[estadosEntregas_T] ([id], [descr]) VALUES (0, N'ESPERANDO')
INSERT INTO [dbo].[estadosEntregas_T] ([id], [descr]) VALUES (1, N'PROCESANDO')
INSERT INTO [dbo].[estadosEntregas_T] ([id], [descr]) VALUES (2, N'CREANDO ESTRUCUTRA CD')
INSERT INTO [dbo].[estadosEntregas_T] ([id], [descr]) VALUES (3, N'ARMANDO CD STANDARD')
INSERT INTO [dbo].[estadosEntregas_T] ([id], [descr]) VALUES (4, N'ARMANDO CD CLIENTE')
INSERT INTO [dbo].[estadosEntregas_T] ([id], [descr]) VALUES (99, N'TERMINADO CREAR ESTRUCTURA CD')
INSERT INTO [dbo].[estadosEntregas_T] ([id], [descr]) VALUES (100, N'TERMINADO ARMAR CD STANDARD')
INSERT INTO [dbo].[estadosEntregas_T] ([id], [descr]) VALUES (101, N'TERMINADO ARMAR CD CLIENTE')
INSERT INTO [dbo].[estadosEntregas_T] ([id], [descr]) VALUES (102, N'PROCEDIMIENTO ERRORES')
INSERT INTO [dbo].[estadosEntregas_T] ([id], [descr]) VALUES (103, N'TERMINADA')
INSERT INTO [dbo].[indicadores_T] ([indicador], [etiqueta], [polaridad], [verde], [amarillo], [rojo], [leyverde], [leyamarillo], [leyrojo], [spCant], [spPorc]) VALUES (N'IMGCAPDIA', N'Imagenes Capturas por Dia', N'+ ', 15000, 10000, 0, N'Imagenes Mayores al Volumen Proyectado', N'Las Imagenes son menores a las Proyectadas, por favor revise', N'Las Imagenes Son Insuficientes.', NULL, NULL)
INSERT INTO [dbo].[indicadores_T] ([indicador], [etiqueta], [polaridad], [verde], [amarillo], [rojo], [leyverde], [leyamarillo], [leyrojo], [spCant], [spPorc]) VALUES (N'IMGCAPMES', N'Imagenes Capturas por Mes', N'+ ', 15000, 10000, 0, N'Imagenes Mayores al Volumen Proyectado', N'Las Imagenes son menores a las Proyectadas, por favor revise', N'Las Imagenes Son Insuficientes.', NULL, NULL)
INSERT INTO [dbo].[indicadores_T] ([indicador], [etiqueta], [polaridad], [verde], [amarillo], [rojo], [leyverde], [leyamarillo], [leyrojo], [spCant], [spPorc]) VALUES (N'IMGPMIN', N'Imagenes Scaneadas por Minuto', N'+ ', 90, 70, 0, N'Velocidad Mayor a la Proyectada', N'Velocidad menor a la Proyectada, por favor revise', N'Velocidad Insuficiente.', NULL, NULL)
INSERT INTO [dbo].[indicadores_T] ([indicador], [etiqueta], [polaridad], [verde], [amarillo], [rojo], [leyverde], [leyamarillo], [leyrojo], [spCant], [spPorc]) VALUES (N'IMGRCAPDIA', N'Imagenes Capturas por Dia', N'+ ', 15000, 10000, 0, N'Imagenes Mayores al Volumen Proyectado', N'Las Imagenes son menores a las Proyectadas, por favor revise', N'Las Imagenes Son Insuficientes.', NULL, NULL)
INSERT INTO [dbo].[indicadores_T] ([indicador], [etiqueta], [polaridad], [verde], [amarillo], [rojo], [leyverde], [leyamarillo], [leyrojo], [spCant], [spPorc]) VALUES (N'IMGRCAPMES', N'Imagenes Capturas por Mes', N'+ ', 15000, 10000, 0, N'Imagenes Mayores al Volumen Proyectado', N'Las Imagenes son menores a las Proyectadas, por favor revise', N'Las Imagenes Son Insuficientes.', NULL, NULL)
INSERT INTO [dbo].[indicadores_T] ([indicador], [etiqueta], [polaridad], [verde], [amarillo], [rojo], [leyverde], [leyamarillo], [leyrojo], [spCant], [spPorc]) VALUES (N'PRODDIA', N'Productividad por Dia', N'+ ', 90, 70, 0, N'Productividad Mayores al Proyectado', N'Productividad menor a la Proyectada, por favor revise', N'Productividad Insuficiente.', NULL, NULL)
INSERT INTO [dbo].[indicadores_T] ([indicador], [etiqueta], [polaridad], [verde], [amarillo], [rojo], [leyverde], [leyamarillo], [leyrojo], [spCant], [spPorc]) VALUES (N'PRODMES', N'Productividad por Dia', N'+ ', 90, 70, 0, N'Productividad Mayores al Proyectado', N'Productividad menor a la Proyectada, por favor revise', N'Productividad Insuficiente.', NULL, NULL)
INSERT INTO [dbo].[indicadores_T] ([indicador], [etiqueta], [polaridad], [verde], [amarillo], [rojo], [leyverde], [leyamarillo], [leyrojo], [spCant], [spPorc]) VALUES (N'USESCAN', N'Uso del Scanner', N'+ ', 90, 70, 0, N'Uso Mayor al Proyectado', N'Uso menor al Proyectado, por favor revise', N'Uso Insuficiente.', NULL, NULL)
INSERT INTO [dbo].[LD_estados_cajas_definitivas_T] ([id], [descr]) VALUES (-1, N'SIN ESTADO')
INSERT INTO [dbo].[LD_estados_cajas_definitivas_T] ([id], [descr]) VALUES (0, N'CREADA')
INSERT INTO [dbo].[LD_estados_cajas_definitivas_T] ([id], [descr]) VALUES (1, N'INGRESANDO DOCUMENTOS')
INSERT INTO [dbo].[LD_estados_cajas_definitivas_T] ([id], [descr]) VALUES (2, N'TERMINADA')
INSERT INTO [dbo].[LD_estados_cajas_definitivas_T] ([id], [descr]) VALUES (99, N'DEVUELTA')
INSERT INTO [dbo].[LD_operaciones_T] ([id], [descr]) VALUES (N'ADDCAJA', N'Alta de Caja')
INSERT INTO [dbo].[LD_operaciones_T] ([id], [descr]) VALUES (N'ADDCAJADEF', N'Alta de Caja Definitiva')
INSERT INTO [dbo].[LD_operaciones_T] ([id], [descr]) VALUES (N'ADDDOC', N'Alta de Documento')
INSERT INTO [dbo].[LD_operaciones_T] ([id], [descr]) VALUES (N'ADDDOCDEF', N'Alta de Documento a una Caja Definitiva')
INSERT INTO [dbo].[LD_operaciones_T] ([id], [descr]) VALUES (N'EXTDOC', N'Extraccion de Documento')
INSERT INTO [dbo].[LD_operaciones_T] ([id], [descr]) VALUES (N'MODESTCAJA', N'Modificacion Estado Caja')
INSERT INTO [dbo].[LD_operaciones_T] ([id], [descr]) VALUES (N'MODESTCAJADEF', N'Modificacion Estado Caja Definitiva')
INSERT INTO [dbo].[LD_operaciones_T] ([id], [descr]) VALUES (N'MODNUMREMCAJA', N'Modificacion  Numero de Remito Caja')
INSERT INTO [dbo].[LD_operaciones_T] ([id], [descr]) VALUES (N'MODNUMREMCAJADEF', N'Modificacion  Numero de Remito Caja Definitiva')
INSERT INTO [dbo].[LD_operaciones_T] ([id], [descr]) VALUES (N'MOVDOC', N'Movimiento de Documento')
INSERT INTO [dbo].[LD_operaciones_T] ([id], [descr]) VALUES (N'REINGDOC', N'Reingreso de Documento')
INSERT INTO [dbo].[marcasrescanning_T] ([id], [descr]) VALUES (1, N'Imagen Oscura')
INSERT INTO [dbo].[marcasrescanning_T] ([id], [descr]) VALUES (2, N'Imagen Faltante')
INSERT INTO [dbo].[marcasrescanning_T] ([id], [descr]) VALUES (3, N'Imagen SobreAlimentada')
INSERT INTO [dbo].[marcasrescanning_T] ([id], [descr]) VALUES (4, N'Imagen Torcida')
INSERT INTO [dbo].[marcasrescanning_T] ([id], [descr]) VALUES (5, N'Imagen Ilegible')
INSERT INTO [dbo].[tiposCampos_T] ([id], [descr]) VALUES (0, N'OTRO')
INSERT INTO [dbo].[tiposCampos_T] ([id], [descr]) VALUES (1, N'CHAR')
INSERT INTO [dbo].[tiposCampos_T] ([id], [descr]) VALUES (2, N'SMALLINT')
INSERT INTO [dbo].[tiposCampos_T] ([id], [descr]) VALUES (3, N'INTEGER')
INSERT INTO [dbo].[tiposCampos_T] ([id], [descr]) VALUES (4, N'REAL')
INSERT INTO [dbo].[tiposCampos_T] ([id], [descr]) VALUES (5, N'OTRO')
INSERT INTO [dbo].[tiposCampos_T] ([id], [descr]) VALUES (6, N'FLOAT')
INSERT INTO [dbo].[tiposCampos_T] ([id], [descr]) VALUES (7, N'TIME')
INSERT INTO [dbo].[tiposCampos_T] ([id], [descr]) VALUES (8, N'TIMESTAMP')
INSERT INTO [dbo].[tiposCampos_T] ([id], [descr]) VALUES (9, N'DATE')
INSERT INTO [dbo].[tiposCampos_T] ([id], [descr]) VALUES (10, N'OTRO')
INSERT INTO [dbo].[tiposCampos_T] ([id], [descr]) VALUES (12, N'VARCHAR')
INSERT INTO [dbo].[parameters] ([guid], [description], [type], [value], [validateexpression]) VALUES (N'batchCapFilesPath                       ', N'Directorio donde poner los arhcivos cap', 0, N'C:\Program Files\EasyDoc', N'')
INSERT INTO [dbo].[parameters] ([guid], [description], [type], [value], [validateexpression]) VALUES (N'batchFinalPath                          ', N'Directorio Donde se debe transferir el Lote para us procesamiento', 0, N'C:\tmp\scan', N'')
INSERT INTO [dbo].[parameters] ([guid], [description], [type], [value], [validateexpression]) VALUES (N'batchMaxLen                             ', N'Longitud Maxima del Lote', 0, N'20', N'')
INSERT INTO [dbo].[parameters] ([guid], [description], [type], [value], [validateexpression]) VALUES (N'batchNumberMask                         ', N'Mascara Numero de Lote', 0, N'0000', N'')
INSERT INTO [dbo].[parameters] ([guid], [description], [type], [value], [validateexpression]) VALUES (N'batchPrefixMask                         ', N'Mascara Prefijo Nombre del Lote', 0, N'LyyMMdd', N'')
INSERT INTO [dbo].[parameters] ([guid], [description], [type], [value], [validateexpression]) VALUES (N'batchPrefixMaskBusqueda                 ', N'Mascara Prefijo Nombre del Lote para busquedas', 0, N'\L099999', N'')
INSERT INTO [dbo].[parameters] ([guid], [description], [type], [value], [validateexpression]) VALUES (N'CajaMaskEnter                           ', N'Mascara para el ingreo ', 0, N'000000000-r999', N'')
INSERT INTO [dbo].[parameters] ([guid], [description], [type], [value], [validateexpression]) VALUES (N'CajaMaskEnterSinReingreso               ', N'Mascara para el ingreo ', 0, N'000000000', N'')
INSERT INTO [dbo].[parameters] ([guid], [description], [type], [value], [validateexpression]) VALUES (N'CajaMaskEnterSinReingresoBusqueda       ', N'Mascara para buscar una Caja', 0, N'099999999', N' ')
INSERT INTO [dbo].[parameters] ([guid], [description], [type], [value], [validateexpression]) VALUES (N'CheckUpdatesInicio                      ', N'Se realizan Checkeos de Update al inicio del programa', 0, N'false', N'')
INSERT INTO [dbo].[parameters] ([guid], [description], [type], [value], [validateexpression]) VALUES (N'defaultCapturaViewer                    ', N'Viewer Default en la Captura (1,2,4,8)', 0, N'2', N'')
INSERT INTO [dbo].[parameters] ([guid], [description], [type], [value], [validateexpression]) VALUES (N'defaultMostrarCadaImagenes              ', N'Mostrar en captura cada tantas imagenes en pantalla', 0, N'10', N'')
INSERT INTO [dbo].[parameters] ([guid], [description], [type], [value], [validateexpression]) VALUES (N'deletePapeleraCutValue                  ', N'Valor de Corte de imagenes en blanco(bytes)', 0, N'5000', N'')
INSERT INTO [dbo].[parameters] ([guid], [description], [type], [value], [validateexpression]) VALUES (N'EmailServer                             ', N'Servidor de Email', 0, N'mail.cardinalsystems.com.ar', N'')
INSERT INTO [dbo].[parameters] ([guid], [description], [type], [value], [validateexpression]) VALUES (N'escanearDocumentoRecepcion              ', N'Si se va ha escanear el documento de recepcion de cajas', 0, N'false', N' ')
INSERT INTO [dbo].[parameters] ([guid], [description], [type], [value], [validateexpression]) VALUES (N'FromAddress                             ', N'From en los email que envia el sistema', 0, N'moduloiron@cardinalsystems.com.ar', N'')
INSERT INTO [dbo].[parameters] ([guid], [description], [type], [value], [validateexpression]) VALUES (N'iniUltimaRecoleccionDatos               ', N'Fecha de Ultima Recolecicon de datos', 0, N'2006-06-01 00:00:00', N'')
INSERT INTO [dbo].[parameters] ([guid], [description], [type], [value], [validateexpression]) VALUES (N'pathcapturasettings                     ', N'Path De Parametros de Seteos de Captura', 0, N'C:\tmp\SeteosScanner', N'\\\\\w+?(?:\\[\w\s$]+)+ ')
INSERT INTO [dbo].[parameters] ([guid], [description], [type], [value], [validateexpression]) VALUES (N'pathcapturatemp                         ', N'Path Temporal de Escaneo', 0, N'C:\tmp\EasyScanTmp', N'([a-zA-Z]:(\\w+)*\\[a-zA-Z0_9]+)')
INSERT INTO [dbo].[parameters] ([guid], [description], [type], [value], [validateexpression]) VALUES (N'PathPDFDocEntregaCaja                   ', N'Path donde se genera el documento PDf de recepcion de cajas', 0, N'\\jedimasteryoda\PATHOS', N'')
INSERT INTO [dbo].[parameters] ([guid], [description], [type], [value], [validateexpression]) VALUES (N'RecapturaAsincronica                    ', N'Recaptura Asincronica', 0, N'true', N'')
INSERT INTO [dbo].[parameters] ([guid], [description], [type], [value], [validateexpression]) VALUES (N'showDriveStadistics                     ', N'Mostrar Estadisticas del Disco en la Captura', 0, N'50', N'')
INSERT INTO [dbo].[parameters] ([guid], [description], [type], [value], [validateexpression]) VALUES (N'SMTPPassword                            ', N'password usuario smtp', 0, N'esjllv1', N'')
INSERT INTO [dbo].[parameters] ([guid], [description], [type], [value], [validateexpression]) VALUES (N'SMTPUser                                ', N'usuario de smtp', 0, N'leo@cardinalsystems.com.ar', N'')
INSERT INTO [dbo].[parameters] ([guid], [description], [type], [value], [validateexpression]) VALUES (N'ultimaRecoleccionDatos                  ', N'Fecha de Ultima Recolecicon de datos', 0, N'2001-01-01 00:00:00', N'')
INSERT INTO [dbo].[datasrc] ([codigo], [datasrc], [usuario], [password], [usetxret], [pgrant], [porderby], [pindex], [typedep], [dstype], [fmtFechas], [dstypename]) VALUES (1, N'EasyDoc', N'sa', NULL, 0, 1, 1, 1, N'1,6,4,7,5,11,12', N'SQLServer', N'dd-mm-yyyy?dd-mm-yyyy', N'SQLServer')
INSERT INTO [dbo].[estadosCajas_t] ([id], [descr]) VALUES (0, N'ESPERANDO')
INSERT INTO [dbo].[estadosCajas_t] ([id], [descr]) VALUES (1, N'CONTROL DOCUMENTAL')
INSERT INTO [dbo].[estadosCajas_t] ([id], [descr]) VALUES (2, N'PREPARANDO PAPEL')
INSERT INTO [dbo].[estadosCajas_t] ([id], [descr]) VALUES (3, N'DIGITALIZANDO')
INSERT INTO [dbo].[estadosCajas_t] ([id], [descr]) VALUES (4, N'REARMADO CAJA')
INSERT INTO [dbo].[estadosCajas_t] ([id], [descr]) VALUES (5, N'ESPERA RETIRO')
INSERT INTO [dbo].[estadosCajas_t] ([id], [descr]) VALUES (6, N'CONTROL SOBRANTES')
INSERT INTO [dbo].[estadosCajas_t] ([id], [descr]) VALUES (7, N'CONTROL FALTANTES')
INSERT INTO [dbo].[estadosCajas_t] ([id], [descr]) VALUES (8, N'CREANDO ESTRUCTURA CD')
INSERT INTO [dbo].[estadosCajas_t] ([id], [descr]) VALUES (9, N'ARMANDO CD STANDARD')
INSERT INTO [dbo].[estadosCajas_t] ([id], [descr]) VALUES (10, N'ARMANDO CD CLIENTE')
INSERT INTO [dbo].[estadosCajas_t] ([id], [descr]) VALUES (11, N'TERMINADO CONTROL SOBRANTES')
INSERT INTO [dbo].[estadosCajas_t] ([id], [descr]) VALUES (12, N'TERMINADO CONTROL FALTANTES')
INSERT INTO [dbo].[estadosCajas_t] ([id], [descr]) VALUES (13, N'TERMINADA CREAR ESTRUCTURA CD')
INSERT INTO [dbo].[estadosCajas_t] ([id], [descr]) VALUES (14, N'TERMINADO ARMAR  CD STANDARD')
INSERT INTO [dbo].[estadosCajas_t] ([id], [descr]) VALUES (15, N'TERMINADO ARMAR CD CLIENTE')
INSERT INTO [dbo].[estadosCajas_t] ([id], [descr]) VALUES (16, N'MERGE DE DATOS')
INSERT INTO [dbo].[estadosCajas_t] ([id], [descr]) VALUES (17, N'TERMINADO MERGE DE DATOS')
INSERT INTO [dbo].[estadosCajas_t] ([id], [descr]) VALUES (99, N'ENTREGADA')
INSERT INTO [dbo].[estadosCajas_t] ([id], [descr]) VALUES (100, N'FALTA DATOS MERGE')
INSERT INTO [dbo].[filtros] ([filtro], [fstring], [descripcio]) VALUES (1, N's', N'Texto DOS')
INSERT INTO [dbo].[filtros] ([filtro], [fstring], [descripcio]) VALUES (2, N'ftmf', N'Multiformato')
INSERT INTO [dbo].[LD_estado_documentos_T] ([id], [descr]) VALUES (-1, N'SIN ESTADO')
INSERT INTO [dbo].[LD_estado_documentos_T] ([id], [descr]) VALUES (0, N'EN PROCESO')
INSERT INTO [dbo].[LD_estado_documentos_T] ([id], [descr]) VALUES (1, N'EXTRAIDO')
INSERT INTO [dbo].[LD_estado_documentos_T] ([id], [descr]) VALUES (2, N'RESCANING')
INSERT INTO [dbo].[LD_estado_documentos_T] ([id], [descr]) VALUES (99, N'DEVUELTO')
INSERT INTO [dbo].[LD_estados_cajas_T] ([id], [descr]) VALUES (-1, N'SIN ESTADO')
INSERT INTO [dbo].[LD_estados_cajas_T] ([id], [descr]) VALUES (0, N'CREADA')
INSERT INTO [dbo].[LD_estados_cajas_T] ([id], [descr]) VALUES (1, N'INGRESANDO DOCUMENTOS')
INSERT INTO [dbo].[LD_estados_cajas_T] ([id], [descr]) VALUES (2, N'CAPTURA')
INSERT INTO [dbo].[LD_estados_cajas_T] ([id], [descr]) VALUES (3, N'QA')
INSERT INTO [dbo].[LD_estados_cajas_T] ([id], [descr]) VALUES (4, N'RE-SCANNING')
INSERT INTO [dbo].[LD_estados_cajas_T] ([id], [descr]) VALUES (5, N'TERMINADA')
INSERT INTO [dbo].[LD_estados_cajas_T] ([id], [descr]) VALUES (99, N'DEVUELTA')
INSERT INTO [dbo].[MLObjects_T] ([id], [MLMessage_ID]) VALUES (N'wfrmAuditConsulta.btnBuscar', N'23        ')
INSERT INTO [dbo].[MLObjects_T] ([id], [MLMessage_ID]) VALUES (N'wfrmAuditConsulta.lblCantDias', N'150       ')
INSERT INTO [dbo].[MLObjects_T] ([id], [MLMessage_ID]) VALUES (N'wfrmAuditConsulta.lblCantLotes', N'148       ')
INSERT INTO [dbo].[MLObjects_T] ([id], [MLMessage_ID]) VALUES (N'wfrmAuditConsulta.lblcantLotesDia', N'153       ')
INSERT INTO [dbo].[MLObjects_T] ([id], [MLMessage_ID]) VALUES (N'wfrmAuditConsulta.lblCantLotesPlantillas', N'156       ')
INSERT INTO [dbo].[MLObjects_T] ([id], [MLMessage_ID]) VALUES (N'wfrmAuditConsulta.lblCantLotesUsuarios', N'152       ')
INSERT INTO [dbo].[MLObjects_T] ([id], [MLMessage_ID]) VALUES (N'wfrmAuditConsulta.lblCantPlantDia', N'154       ')
INSERT INTO [dbo].[MLObjects_T] ([id], [MLMessage_ID]) VALUES (N'wfrmAuditConsulta.lblCantPlantillas', N'147       ')
INSERT INTO [dbo].[MLObjects_T] ([id], [MLMessage_ID]) VALUES (N'wfrmAuditConsulta.lblCantPlantillaUsuarios', N'151       ')
INSERT INTO [dbo].[MLObjects_T] ([id], [MLMessage_ID]) VALUES (N'wfrmAuditConsulta.lblCantUsuarios', N'149       ')
INSERT INTO [dbo].[MLObjects_T] ([id], [MLMessage_ID]) VALUES (N'wfrmAuditConsulta.lblCantUsuariosDia', N'155       ')
INSERT INTO [dbo].[MLObjects_T] ([id], [MLMessage_ID]) VALUES (N'wfrmAuditConsulta.lblDesde', N'52        ')
INSERT INTO [dbo].[MLObjects_T] ([id], [MLMessage_ID]) VALUES (N'wfrmAuditConsulta.lblEstadisticas', N'146       ')
INSERT INTO [dbo].[MLObjects_T] ([id], [MLMessage_ID]) VALUES (N'wfrmAuditConsulta.lblHasta', N'53        ')
INSERT INTO [dbo].[MLObjects_T] ([id], [MLMessage_ID]) VALUES (N'wfrmAuditConsulta.lblResultado', N'46        ')
INSERT INTO [dbo].[MLObjects_T] ([id], [MLMessage_ID]) VALUES (N'wfrmAuditConsulta.lblSelFechas', N'48        ')
INSERT INTO [dbo].[MLObjects_T] ([id], [MLMessage_ID]) VALUES (N'wfrmAuditConsulta.lblSelTemplate', N'78        ')
INSERT INTO [dbo].[MLObjects_T] ([id], [MLMessage_ID]) VALUES (N'wfrmAuditConsulta.lblTitulo', N'15        ')
INSERT INTO [dbo].[MLObjects_T] ([id], [MLMessage_ID]) VALUES (N'wfrmAuditConsulta.lblUsuarios', N'10        ')
INSERT INTO [dbo].[MLObjects_T] ([id], [MLMessage_ID]) VALUES (N'wfrmAuditConsulta.uwgResultado.cod_lote', N'42        ')
INSERT INTO [dbo].[MLObjects_T] ([id], [MLMessage_ID]) VALUES (N'wfrmAuditConsulta.uwgResultado.cod_us', N'6         ')
INSERT INTO [dbo].[MLObjects_T] ([id], [MLMessage_ID]) VALUES (N'wfrmAuditConsulta.uwgResultado.descripcio', N'78        ')
INSERT INTO [dbo].[MLObjects_T] ([id], [MLMessage_ID]) VALUES (N'wfrmAuditConsulta.uwgResultado.fecha', N'48        ')
INSERT INTO [dbo].[MLObjects_T] ([id], [MLMessage_ID]) VALUES (N'wfrmAuditConsulta.uwgResultado.identdoc', N'145       ')
INSERT INTO [dbo].[MLObjects_T] ([id], [MLMessage_ID]) VALUES (N'wfrmAuditConsulta.uwgResultado.orden', N'43        ')
INSERT INTO [dbo].[MLObjects_T] ([id], [MLMessage_ID]) VALUES (N'wfrmAuditoria.btnBuscar', N'23        ')
INSERT INTO [dbo].[MLObjects_T] ([id], [MLMessage_ID]) VALUES (N'wfrmAuditoria.chkFecha', N'48        ')
INSERT INTO [dbo].[MLObjects_T] ([id], [MLMessage_ID]) VALUES (N'wfrmAuditoria.chkObs', N'50        ')
INSERT INTO [dbo].[MLObjects_T] ([id], [MLMessage_ID]) VALUES (N'wfrmAuditoria.chkOper', N'49        ')
INSERT INTO [dbo].[MLObjects_T] ([id], [MLMessage_ID]) VALUES (N'wfrmAuditoria.chkUser', N'6         ')
INSERT INTO [dbo].[MLObjects_T] ([id], [MLMessage_ID]) VALUES (N'wfrmAuditoria.lblDesde', N'52        ')
INSERT INTO [dbo].[MLObjects_T] ([id], [MLMessage_ID]) VALUES (N'wfrmAuditoria.lblHasta', N'53        ')
INSERT INTO [dbo].[MLObjects_T] ([id], [MLMessage_ID]) VALUES (N'wfrmAuditoria.lblTitulo', N'12        ')
INSERT INTO [dbo].[MLObjects_T] ([id], [MLMessage_ID]) VALUES (N'wfrmAuditoria.uwgResultado.fecha_dt', N'48        ')
INSERT INTO [dbo].[MLObjects_T] ([id], [MLMessage_ID]) VALUES (N'wfrmAuditoria.uwgResultado.observ_vc', N'50        ')
INSERT INTO [dbo].[MLObjects_T] ([id], [MLMessage_ID]) VALUES (N'wfrmAuditoria.uwgResultado.task_id_fk', N'49        ')
INSERT INTO [dbo].[MLObjects_T] ([id], [MLMessage_ID]) VALUES (N'wfrmAuditoria.uwgResultado.task_number_bi', N'51        ')
INSERT INTO [dbo].[MLObjects_T] ([id], [MLMessage_ID]) VALUES (N'wfrmAuditoria.uwgResultado.user_id_fk', N'6         ')
INSERT INTO [dbo].[MLObjects_T] ([id], [MLMessage_ID]) VALUES (N'wfrmAyuda.lblLink', N'179       ')
INSERT INTO [dbo].[MLObjects_T] ([id], [MLMessage_ID]) VALUES (N'wfrmAyuda.lblTitulo', N'157       ')
INSERT INTO [dbo].[MLObjects_T] ([id], [MLMessage_ID]) VALUES (N'wfrmAyuda.uwgBusqueda.descr', N'56        ')
INSERT INTO [dbo].[MLObjects_T] ([id], [MLMessage_ID]) VALUES (N'wfrmAyuda.uwgBusqueda.file', N'178       ')
INSERT INTO [dbo].[MLObjects_T] ([id], [MLMessage_ID]) VALUES (N'wfrmAyuda.uwgBusqueda.ML_busqueda_T.AddButton', N'179       ')
INSERT INTO [dbo].[MLObjects_T] ([id], [MLMessage_ID]) VALUES (N'wfrmAyuda.uwgResultado.descr', N'56        ')
INSERT INTO [dbo].[MLObjects_T] ([id], [MLMessage_ID]) VALUES (N'wfrmAyuda.uwgResultado.file', N'178       ')
INSERT INTO [dbo].[MLObjects_T] ([id], [MLMessage_ID]) VALUES (N'wfrmBuscando.lblMsg', N'19        ')
INSERT INTO [dbo].[MLObjects_T] ([id], [MLMessage_ID]) VALUES (N'wfrmBuscando.lblTitulo', N'18        ')
INSERT INTO [dbo].[MLObjects_T] ([id], [MLMessage_ID]) VALUES (N'wfrmBusqGroups.btnBuscar', N'23        ')
INSERT INTO [dbo].[MLObjects_T] ([id], [MLMessage_ID]) VALUES (N'wfrmBusqGroups.lblDescr', N'56        ')
INSERT INTO [dbo].[MLObjects_T] ([id], [MLMessage_ID]) VALUES (N'wfrmBusqGroups.lblGroupId', N'55        ')
INSERT INTO [dbo].[MLObjects_T] ([id], [MLMessage_ID]) VALUES (N'wfrmBusqGroups.lblTitulo', N'54        ')
INSERT INTO [dbo].[MLObjects_T] ([id], [MLMessage_ID]) VALUES (N'wfrmBusqGroups.lnkAlta', N'57        ')
INSERT INTO [dbo].[MLObjects_T] ([id], [MLMessage_ID]) VALUES (N'wfrmBusqGroups.uwgResultado.descr', N'56        ')
INSERT INTO [dbo].[MLObjects_T] ([id], [MLMessage_ID]) VALUES (N'wfrmBusqGroups.uwgResultado.group_id', N'55        ')
INSERT INTO [dbo].[MLObjects_T] ([id], [MLMessage_ID]) VALUES (N'wfrmBusqOpers.btnBuscar', N'23        ')
INSERT INTO [dbo].[MLObjects_T] ([id], [MLMessage_ID]) VALUES (N'wfrmBusqOpers.lblDescr', N'56        ')
INSERT INTO [dbo].[MLObjects_T] ([id], [MLMessage_ID]) VALUES (N'wfrmBusqOpers.lblOperId', N'59        ')
INSERT INTO [dbo].[MLObjects_T] ([id], [MLMessage_ID]) VALUES (N'wfrmBusqOpers.lblTitulo', N'58        ')
INSERT INTO [dbo].[MLObjects_T] ([id], [MLMessage_ID]) VALUES (N'wfrmBusqOpers.uwgResultado.descr', N'56        ')
INSERT INTO [dbo].[MLObjects_T] ([id], [MLMessage_ID]) VALUES (N'wfrmBusqOpers.uwgResultado.lastnumber_bi', N'60        ')
INSERT INTO [dbo].[MLObjects_T] ([id], [MLMessage_ID]) VALUES (N'wfrmBusqOpers.uwgResultado.task_id', N'49        ')
INSERT INTO [dbo].[MLObjects_T] ([id], [MLMessage_ID]) VALUES (N'wfrmBusqOpersRoles.btnBuscar', N'23        ')
INSERT INTO [dbo].[MLObjects_T] ([id], [MLMessage_ID]) VALUES (N'wfrmBusqOpersRoles.lblDescr', N'56        ')
INSERT INTO [dbo].[MLObjects_T] ([id], [MLMessage_ID]) VALUES (N'wfrmBusqOpersRoles.lblOperId', N'59        ')
INSERT INTO [dbo].[MLObjects_T] ([id], [MLMessage_ID]) VALUES (N'wfrmBusqOpersRoles.lblTitulo', N'62        ')
INSERT INTO [dbo].[MLObjects_T] ([id], [MLMessage_ID]) VALUES (N'wfrmBusqOpersRoles.uwgResultado.descr', N'56        ')
INSERT INTO [dbo].[MLObjects_T] ([id], [MLMessage_ID]) VALUES (N'wfrmBusqOpersRoles.uwgResultado.lastnumber_bi', N'60        ')
INSERT INTO [dbo].[MLObjects_T] ([id], [MLMessage_ID]) VALUES (N'wfrmBusqOpersRoles.uwgResultado.role_task_id', N'49        ')
INSERT INTO [dbo].[MLObjects_T] ([id], [MLMessage_ID]) VALUES (N'wfrmBusqRoles.btnBuscar', N'23        ')
INSERT INTO [dbo].[MLObjects_T] ([id], [MLMessage_ID]) VALUES (N'wfrmBusqRoles.lblDescr', N'56        ')
INSERT INTO [dbo].[MLObjects_T] ([id], [MLMessage_ID]) VALUES (N'wfrmBusqRoles.lblRoleId', N'64        ')
INSERT INTO [dbo].[MLObjects_T] ([id], [MLMessage_ID]) VALUES (N'wfrmBusqRoles.lblTitulo', N'61        ')
INSERT INTO [dbo].[MLObjects_T] ([id], [MLMessage_ID]) VALUES (N'wfrmBusqRoles.lnkAlta', N'57        ')
INSERT INTO [dbo].[MLObjects_T] ([id], [MLMessage_ID]) VALUES (N'wfrmBusqRoles.lnkOperaciones', N'63        ')
INSERT INTO [dbo].[MLObjects_T] ([id], [MLMessage_ID]) VALUES (N'wfrmBusqRoles.uwgResultado.descr', N'56        ')
INSERT INTO [dbo].[MLObjects_T] ([id], [MLMessage_ID]) VALUES (N'wfrmBusqRoles.uwgResultado.rol_id', N'64        ')
INSERT INTO [dbo].[MLObjects_T] ([id], [MLMessage_ID]) VALUES (N'wfrmBusqueda.AyudaSelecPlantillaLabel', N'199       ')
INSERT INTO [dbo].[MLObjects_T] ([id], [MLMessage_ID]) VALUES (N'wfrmBusqueda.btnBuscar', N'23        ')
INSERT INTO [dbo].[MLObjects_T] ([id], [MLMessage_ID]) VALUES (N'wfrmBusqueda.btnBuscarPerfil', N'23        ')
INSERT INTO [dbo].[MLObjects_T] ([id], [MLMessage_ID]) VALUES (N'wfrmBusqueda.btnLimpiarFormulario', N'197       ')
INSERT INTO [dbo].[MLObjects_T] ([id], [MLMessage_ID]) VALUES (N'wfrmBusqueda.chkFiltros', N'116       ')
INSERT INTO [dbo].[MLObjects_T] ([id], [MLMessage_ID]) VALUES (N'wfrmBusqueda.hplAyudaTemplate', N'177       ')
INSERT INTO [dbo].[MLObjects_T] ([id], [MLMessage_ID]) VALUES (N'wfrmBusqueda.lblBusGuardadas', N'24        ')
INSERT INTO [dbo].[MLObjects_T] ([id], [MLMessage_ID]) VALUES (N'wfrmBusqueda.lblBusqueda', N'131       ')
INSERT INTO [dbo].[MLObjects_T] ([id], [MLMessage_ID]) VALUES (N'wfrmBusqueda.lblBusqueda1', N'168       ')
INSERT INTO [dbo].[MLObjects_T] ([id], [MLMessage_ID]) VALUES (N'wfrmBusqueda.lblBusRecientes', N'25        ')
INSERT INTO [dbo].[MLObjects_T] ([id], [MLMessage_ID]) VALUES (N'wfrmBusqueda.lblErrBusqueda', N'20        ')
INSERT INTO [dbo].[MLObjects_T] ([id], [MLMessage_ID]) VALUES (N'wfrmBusqueda.lblError', N'21        ')
INSERT INTO [dbo].[MLObjects_T] ([id], [MLMessage_ID]) VALUES (N'wfrmBusqueda.lblTitulo', N'18        ')
INSERT INTO [dbo].[MLObjects_T] ([id], [MLMessage_ID]) VALUES (N'wfrmBusqueda.lblTituloBusquedaAvanzada', N'198       ')
INSERT INTO [dbo].[MLObjects_T] ([id], [MLMessage_ID]) VALUES (N'wfrmBusqueda.lblTituloBusquedaAvanzada', N'22        ')
INSERT INTO [dbo].[MLObjects_T] ([id], [MLMessage_ID]) VALUES (N'wfrmBusqueda.linkBusquedasRecientes', N'25        ')
INSERT INTO [dbo].[MLObjects_T] ([id], [MLMessage_ID]) VALUES (N'wfrmBusqueda.lnkBusquedaAvanzada', N'22        ')
INSERT INTO [dbo].[MLObjects_T] ([id], [MLMessage_ID]) VALUES (N'wfrmBusqueda.lnkBusquedaPerfil', N'166       ')
INSERT INTO [dbo].[MLObjects_T] ([id], [MLMessage_ID]) VALUES (N'wfrmBusqueda.lnkBusquedaTematica', N'196       ')
INSERT INTO [dbo].[MLObjects_T] ([id], [MLMessage_ID]) VALUES (N'wfrmBusqueda.uwgBusqueda.campoID', N'27        ')
INSERT INTO [dbo].[MLObjects_T] ([id], [MLMessage_ID]) VALUES (N'wfrmBusqueda.uwgBusqueda.descripcio', N'27        ')
INSERT INTO [dbo].[MLObjects_T] ([id], [MLMessage_ID]) VALUES (N'wfrmBusqueda.uwgBusqueda.ML_busqueda_T.AddButton', N'32        ')
INSERT INTO [dbo].[MLObjects_T] ([id], [MLMessage_ID]) VALUES (N'wfrmBusqueda.uwgBusqueda.valorBusqDesde', N'52        ')
INSERT INTO [dbo].[MLObjects_T] ([id], [MLMessage_ID]) VALUES (N'wfrmBusqueda.uwgBusqueda.valorBusqHasta', N'53        ')
INSERT INTO [dbo].[MLObjects_T] ([id], [MLMessage_ID]) VALUES (N'wfrmBusqueda.uwgBusqueda.valorDesde', N'52        ')
INSERT INTO [dbo].[MLObjects_T] ([id], [MLMessage_ID]) VALUES (N'wfrmBusqueda.uwgBusqueda.valorHasta', N'53        ')
INSERT INTO [dbo].[MLObjects_T] ([id], [MLMessage_ID]) VALUES (N'wfrmBusqueda.uwtBusqueda.buscar', N'23        ')
INSERT INTO [dbo].[MLObjects_T] ([id], [MLMessage_ID]) VALUES (N'wfrmBusqueda.uwtBusqueda.busqAvanzada', N'22        ')
INSERT INTO [dbo].[MLObjects_T] ([id], [MLMessage_ID]) VALUES (N'wfrmBusqueda.uwtBusqueda.busqPerfil', N'127       ')
INSERT INTO [dbo].[MLObjects_T] ([id], [MLMessage_ID]) VALUES (N'wfrmBusqueda.uwtBusqueda.busqueda', N'18        ')
INSERT INTO [dbo].[MLObjects_T] ([id], [MLMessage_ID]) VALUES (N'wfrmBusquedaAvanzada.btnAgregar', N'32        ')
INSERT INTO [dbo].[MLObjects_T] ([id], [MLMessage_ID]) VALUES (N'wfrmBusquedaAvanzada.btnBuscar', N'23        ')
INSERT INTO [dbo].[MLObjects_T] ([id], [MLMessage_ID]) VALUES (N'wfrmBusquedaAvanzada.chkFiltros', N'116       ')
INSERT INTO [dbo].[MLObjects_T] ([id], [MLMessage_ID]) VALUES (N'wfrmBusquedaAvanzada.hplAyudaPerfilTemplate', N'177       ')
INSERT INTO [dbo].[MLObjects_T] ([id], [MLMessage_ID]) VALUES (N'wfrmBusquedaAvanzada.imgAbajo', N'181       ')
INSERT INTO [dbo].[MLObjects_T] ([id], [MLMessage_ID]) VALUES (N'wfrmBusquedaAvanzada.imgArriba', N'180       ')
INSERT INTO [dbo].[MLObjects_T] ([id], [MLMessage_ID]) VALUES (N'wfrmBusquedaAvanzada.lblAyudaAvanzada', N'172       ')
INSERT INTO [dbo].[MLObjects_T] ([id], [MLMessage_ID]) VALUES (N'wfrmBusquedaAvanzada.lblCampo', N'27        ')
INSERT INTO [dbo].[MLObjects_T] ([id], [MLMessage_ID]) VALUES (N'wfrmBusquedaAvanzada.lblErrorOperatorROw', N'118       ')
INSERT INTO [dbo].[MLObjects_T] ([id], [MLMessage_ID]) VALUES (N'wfrmBusquedaAvanzada.lblErrorParentesis', N'117       ')
INSERT INTO [dbo].[MLObjects_T] ([id], [MLMessage_ID]) VALUES (N'wfrmBusquedaAvanzada.lblOperador', N'28        ')
INSERT INTO [dbo].[MLObjects_T] ([id], [MLMessage_ID]) VALUES (N'wfrmBusquedaAvanzada.lblOperadorRow', N'31        ')
INSERT INTO [dbo].[MLObjects_T] ([id], [MLMessage_ID]) VALUES (N'wfrmBusquedaAvanzada.lblTitulo', N'22        ')
INSERT INTO [dbo].[MLObjects_T] ([id], [MLMessage_ID]) VALUES (N'wfrmBusquedaAvanzada.lblValor', N'29        ')
INSERT INTO [dbo].[MLObjects_T] ([id], [MLMessage_ID]) VALUES (N'wfrmBusquedaAvanzada.lnkBusqRapida', N'131       ')
INSERT INTO [dbo].[MLObjects_T] ([id], [MLMessage_ID]) VALUES (N'wfrmBusquedaAvanzada.lnkVolver', N'35        ')
INSERT INTO [dbo].[MLObjects_T] ([id], [MLMessage_ID]) VALUES (N'wfrmBusquedaAvanzada.uwgBusqueda.abro_parentesis', N'26        ')
INSERT INTO [dbo].[MLObjects_T] ([id], [MLMessage_ID]) VALUES (N'wfrmBusquedaAvanzada.uwgBusqueda.busqueda_T.AddButton', N'32        ')
INSERT INTO [dbo].[MLObjects_T] ([id], [MLMessage_ID]) VALUES (N'wfrmBusquedaAvanzada.uwgBusqueda.campoID', N'27        ')
INSERT INTO [dbo].[MLObjects_T] ([id], [MLMessage_ID]) VALUES (N'wfrmBusquedaAvanzada.uwgBusqueda.cierro_parentesis', N'30        ')
INSERT INTO [dbo].[MLObjects_T] ([id], [MLMessage_ID]) VALUES (N'wfrmBusquedaAvanzada.uwgBusqueda.descripcio', N'27        ')
INSERT INTO [dbo].[MLObjects_T] ([id], [MLMessage_ID]) VALUES (N'wfrmBusquedaAvanzada.uwgBusqueda.ML_busqueda_T.AddButton', N'32        ')
INSERT INTO [dbo].[MLObjects_T] ([id], [MLMessage_ID]) VALUES (N'wfrmBusquedaAvanzada.uwgBusqueda.NML_sorvalue', N'179       ')
INSERT INTO [dbo].[MLObjects_T] ([id], [MLMessage_ID]) VALUES (N'wfrmBusquedaAvanzada.uwgBusqueda.operador', N'28        ')
INSERT INTO [dbo].[MLObjects_T] ([id], [MLMessage_ID]) VALUES (N'wfrmBusquedaAvanzada.uwgBusqueda.operador_row', N'31        ')
INSERT INTO [dbo].[MLObjects_T] ([id], [MLMessage_ID]) VALUES (N'wfrmBusquedaAvanzada.uwgBusqueda.valor', N'29        ')
INSERT INTO [dbo].[MLObjects_T] ([id], [MLMessage_ID]) VALUES (N'wfrmBusquedaAvanzada.uwgBusqueda.valorBusqueda', N'29        ')
INSERT INTO [dbo].[MLObjects_T] ([id], [MLMessage_ID]) VALUES (N'wfrmBusquedaPerfil.btnAgregar', N'32        ')
INSERT INTO [dbo].[MLObjects_T] ([id], [MLMessage_ID]) VALUES (N'wfrmBusquedaPerfil.btnBuscar', N'23        ')
INSERT INTO [dbo].[MLObjects_T] ([id], [MLMessage_ID]) VALUES (N'wfrmBusquedaPerfil.chkFiltros', N'116       ')
INSERT INTO [dbo].[MLObjects_T] ([id], [MLMessage_ID]) VALUES (N'wfrmBusquedaPerfil.hplAyudaPerfilTemplate', N'177       ')
INSERT INTO [dbo].[MLObjects_T] ([id], [MLMessage_ID]) VALUES (N'wfrmBusquedaPerfil.lblAyudaAvanzada', N'172       ')
INSERT INTO [dbo].[MLObjects_T] ([id], [MLMessage_ID]) VALUES (N'wfrmBusquedaPerfil.lblAyudaPerfil', N'171       ')
INSERT INTO [dbo].[MLObjects_T] ([id], [MLMessage_ID]) VALUES (N'wfrmBusquedaPerfil.lblCampo', N'27        ')
INSERT INTO [dbo].[MLObjects_T] ([id], [MLMessage_ID]) VALUES (N'wfrmBusquedaPerfil.lblErrorFecha', N'128       ')
INSERT INTO [dbo].[MLObjects_T] ([id], [MLMessage_ID]) VALUES (N'wfrmBusquedaPerfil.lblTitulo', N'127       ')
INSERT INTO [dbo].[MLObjects_T] ([id], [MLMessage_ID]) VALUES (N'wfrmBusquedaPerfil.lblValor ', N'29        ')
INSERT INTO [dbo].[MLObjects_T] ([id], [MLMessage_ID]) VALUES (N'wfrmBusquedaPerfil.lblValor', N'53        ')
INSERT INTO [dbo].[MLObjects_T] ([id], [MLMessage_ID]) VALUES (N'wfrmBusquedaPerfil.lblValorDesde', N'52        ')
INSERT INTO [dbo].[MLObjects_T] ([id], [MLMessage_ID]) VALUES (N'wfrmBusquedaPerfil.lblValorHasta', N'53        ')
INSERT INTO [dbo].[MLObjects_T] ([id], [MLMessage_ID]) VALUES (N'wfrmBusquedaPerfil.uwgBusqueda.campoID', N'27        ')
INSERT INTO [dbo].[MLObjects_T] ([id], [MLMessage_ID]) VALUES (N'wfrmBusquedaPerfil.uwgBusqueda.descripcio', N'27        ')
INSERT INTO [dbo].[MLObjects_T] ([id], [MLMessage_ID]) VALUES (N'wfrmBusquedaPerfil.uwgBusqueda.ML_busqueda_T.AddButton', N'32        ')
INSERT INTO [dbo].[MLObjects_T] ([id], [MLMessage_ID]) VALUES (N'wfrmBusquedaPerfil.uwgBusqueda.valorBusqDesde', N'52        ')
INSERT INTO [dbo].[MLObjects_T] ([id], [MLMessage_ID]) VALUES (N'wfrmBusquedaPerfil.uwgBusqueda.valorBusqHasta', N'53        ')
INSERT INTO [dbo].[MLObjects_T] ([id], [MLMessage_ID]) VALUES (N'wfrmBusquedaPerfil.uwgBusqueda.valorDesde', N'52        ')
INSERT INTO [dbo].[MLObjects_T] ([id], [MLMessage_ID]) VALUES (N'wfrmBusquedaPerfil.uwgBusqueda.valorHasta', N'53        ')
INSERT INTO [dbo].[MLObjects_T] ([id], [MLMessage_ID]) VALUES (N'wfrmBusquedaTematica.lblTitulo', N'196       ')
INSERT INTO [dbo].[MLObjects_T] ([id], [MLMessage_ID]) VALUES (N'wfrmBusquedaTematica.lnkBusqRapida', N'131       ')
INSERT INTO [dbo].[MLObjects_T] ([id], [MLMessage_ID]) VALUES (N'wfrmBusquedaTematica.lnkVolver', N'35        ')
INSERT INTO [dbo].[MLObjects_T] ([id], [MLMessage_ID]) VALUES (N'wfrmBusqUsers.btnBuscar', N'23        ')
INSERT INTO [dbo].[MLObjects_T] ([id], [MLMessage_ID]) VALUES (N'wfrmBusqUsers.lblDescr', N'56        ')
INSERT INTO [dbo].[MLObjects_T] ([id], [MLMessage_ID]) VALUES (N'wfrmBusqUsers.lblTitulo', N'65        ')
INSERT INTO [dbo].[MLObjects_T] ([id], [MLMessage_ID]) VALUES (N'wfrmBusqUsers.lblUser', N'66        ')
INSERT INTO [dbo].[MLObjects_T] ([id], [MLMessage_ID]) VALUES (N'wfrmBusqUsers.lblUserId', N'6         ')
INSERT INTO [dbo].[MLObjects_T] ([id], [MLMessage_ID]) VALUES (N'wfrmBusqUsers.lnkAlta', N'57        ')
INSERT INTO [dbo].[MLObjects_T] ([id], [MLMessage_ID]) VALUES (N'wfrmBusqUsers.uwgResultado.descr', N'56        ')
INSERT INTO [dbo].[MLObjects_T] ([id], [MLMessage_ID]) VALUES (N'wfrmBusqUsers.uwgResultado.namecomplete', N'66        ')
INSERT INTO [dbo].[MLObjects_T] ([id], [MLMessage_ID]) VALUES (N'wfrmBusqUsers.uwgResultado.user_id', N'6         ')
INSERT INTO [dbo].[MLObjects_T] ([id], [MLMessage_ID]) VALUES (N'wfrmEmail.btnAceptar', N'72        ')
INSERT INTO [dbo].[MLObjects_T] ([id], [MLMessage_ID]) VALUES (N'wfrmEmail.lblAsunto', N'123       ')
INSERT INTO [dbo].[MLObjects_T] ([id], [MLMessage_ID]) VALUES (N'wfrmEmail.lblDir', N'122       ')
INSERT INTO [dbo].[MLObjects_T] ([id], [MLMessage_ID]) VALUES (N'wfrmEmail.lblFrom', N'124       ')
INSERT INTO [dbo].[MLObjects_T] ([id], [MLMessage_ID]) VALUES (N'wfrmEmail.lblMensaje', N'125       ')
INSERT INTO [dbo].[MLObjects_T] ([id], [MLMessage_ID]) VALUES (N'wfrmEmail.lblTitulo', N'121       ')
INSERT INTO [dbo].[MLObjects_T] ([id], [MLMessage_ID]) VALUES (N'wfrmGrabarBusqueda.imgGrabarBusq', N'143       ')
INSERT INTO [dbo].[MLObjects_T] ([id], [MLMessage_ID]) VALUES (N'wfrmGrabarBusqueda.lblNombre', N'34        ')
INSERT INTO [dbo].[MLObjects_T] ([id], [MLMessage_ID]) VALUES (N'wfrmGrabarBusqueda.lblTitulo', N'33        ')
INSERT INTO [dbo].[MLObjects_T] ([id], [MLMessage_ID]) VALUES (N'wfrmGrabarBusqueda.lnkVolver', N'35        ')
INSERT INTO [dbo].[MLObjects_T] ([id], [MLMessage_ID]) VALUES (N'wfrmGrabarBusqueda.uwgBusqueda.abro_parentesis', N'26        ')
INSERT INTO [dbo].[MLObjects_T] ([id], [MLMessage_ID]) VALUES (N'wfrmGrabarBusqueda.uwgBusqueda.campoID', N'36        ')
INSERT INTO [dbo].[MLObjects_T] ([id], [MLMessage_ID]) VALUES (N'wfrmGrabarBusqueda.uwgBusqueda.cierro_parentesis', N'30        ')
INSERT INTO [dbo].[MLObjects_T] ([id], [MLMessage_ID]) VALUES (N'wfrmGrabarBusqueda.uwgBusqueda.descripcio', N'27        ')
INSERT INTO [dbo].[MLObjects_T] ([id], [MLMessage_ID]) VALUES (N'wfrmGrabarBusqueda.uwgBusqueda.operador', N'28        ')
INSERT INTO [dbo].[MLObjects_T] ([id], [MLMessage_ID]) VALUES (N'wfrmGrabarBusqueda.uwgBusqueda.operador_row', N'31        ')
INSERT INTO [dbo].[MLObjects_T] ([id], [MLMessage_ID]) VALUES (N'wfrmGrabarBusqueda.uwgBusqueda.valor', N'29        ')
INSERT INTO [dbo].[MLObjects_T] ([id], [MLMessage_ID]) VALUES (N'wfrmGrabarBusqueda.uwgBusqueda.valorBusqueda', N'29        ')
INSERT INTO [dbo].[MLObjects_T] ([id], [MLMessage_ID]) VALUES (N'wfrmGroupAdd.btnAceptar', N'68        ')
INSERT INTO [dbo].[MLObjects_T] ([id], [MLMessage_ID]) VALUES (N'wfrmGroupAdd.lblDescr', N'56        ')
INSERT INTO [dbo].[MLObjects_T] ([id], [MLMessage_ID]) VALUES (N'wfrmGroupAdd.lblGroupId', N'55        ')
INSERT INTO [dbo].[MLObjects_T] ([id], [MLMessage_ID]) VALUES (N'wfrmGroupAdd.lblTitulo', N'67        ')
INSERT INTO [dbo].[MLObjects_T] ([id], [MLMessage_ID]) VALUES (N'wfrmGroupAdd.lblUsrExistente', N'69        ')
INSERT INTO [dbo].[MLObjects_T] ([id], [MLMessage_ID]) VALUES (N'wfrmGroupAdd.lnkBuscar', N'23        ')
INSERT INTO [dbo].[MLObjects_T] ([id], [MLMessage_ID]) VALUES (N'wfrmGroups.btnAcepElim', N'72        ')
INSERT INTO [dbo].[MLObjects_T] ([id], [MLMessage_ID]) VALUES (N'wfrmGroups.btnAceptar', N'72        ')
INSERT INTO [dbo].[MLObjects_T] ([id], [MLMessage_ID]) VALUES (N'wfrmGroups.btnAddRoles', N'75        ')
INSERT INTO [dbo].[MLObjects_T] ([id], [MLMessage_ID]) VALUES (N'wfrmGroups.btnAsignacionUsuarios', N'73        ')
INSERT INTO [dbo].[MLObjects_T] ([id], [MLMessage_ID]) VALUES (N'wfrmGroups.btnEliminar', N'74        ')
INSERT INTO [dbo].[MLObjects_T] ([id], [MLMessage_ID]) VALUES (N'wfrmGroups.btnModificar', N'71        ')
INSERT INTO [dbo].[MLObjects_T] ([id], [MLMessage_ID]) VALUES (N'wfrmGroups.btnSeguridadDatos', N'158       ')
INSERT INTO [dbo].[MLObjects_T] ([id], [MLMessage_ID]) VALUES (N'wfrmGroups.lblDescr', N'56        ')
INSERT INTO [dbo].[MLObjects_T] ([id], [MLMessage_ID]) VALUES (N'wfrmGroups.lblGroupId', N'55        ')
INSERT INTO [dbo].[MLObjects_T] ([id], [MLMessage_ID]) VALUES (N'wfrmGroups.lblInfoEmpresa', N'79        ')
INSERT INTO [dbo].[MLObjects_T] ([id], [MLMessage_ID]) VALUES (N'wfrmGroups.lblInfoTemplate', N'78        ')
INSERT INTO [dbo].[MLObjects_T] ([id], [MLMessage_ID]) VALUES (N'wfrmGroups.lblRoles', N'77        ')
INSERT INTO [dbo].[MLObjects_T] ([id], [MLMessage_ID]) VALUES (N'wfrmGroups.lblTitulo', N'70        ')
INSERT INTO [dbo].[MLObjects_T] ([id], [MLMessage_ID]) VALUES (N'wfrmGroups.lblUsuarios', N'76        ')
INSERT INTO [dbo].[MLObjects_T] ([id], [MLMessage_ID]) VALUES (N'wfrmGroups.lnkAlta', N'57        ')
INSERT INTO [dbo].[MLObjects_T] ([id], [MLMessage_ID]) VALUES (N'wfrmGroups.lnkBuscar', N'23        ')
INSERT INTO [dbo].[MLObjects_T] ([id], [MLMessage_ID]) VALUES (N'wfrmGroups.uwgResultado.descr', N'56        ')
INSERT INTO [dbo].[MLObjects_T] ([id], [MLMessage_ID]) VALUES (N'wfrmGroups.uwgResultado.namecomplete', N'66        ')
INSERT INTO [dbo].[MLObjects_T] ([id], [MLMessage_ID]) VALUES (N'wfrmGroups.uwgResultado.user_id', N'6         ')
INSERT INTO [dbo].[MLObjects_T] ([id], [MLMessage_ID]) VALUES (N'wfrmGroups.uwgResultadoRol.descr', N'56        ')
INSERT INTO [dbo].[MLObjects_T] ([id], [MLMessage_ID]) VALUES (N'wfrmGroups.uwgResultadoRol.obj', N'78        ')
INSERT INTO [dbo].[MLObjects_T] ([id], [MLMessage_ID]) VALUES (N'wfrmGroups.uwgResultadoRol.role_id_fk', N'64        ')
INSERT INTO [dbo].[MLObjects_T] ([id], [MLMessage_ID]) VALUES (N'wfrmGroupsRoles.chkTodasEmpresas', N'83        ')
INSERT INTO [dbo].[MLObjects_T] ([id], [MLMessage_ID]) VALUES (N'wfrmGroupsRoles.chkTodosTemplates', N'84        ')
INSERT INTO [dbo].[MLObjects_T] ([id], [MLMessage_ID]) VALUES (N'wfrmGroupsRoles.lblEmpresa', N'79        ')
INSERT INTO [dbo].[MLObjects_T] ([id], [MLMessage_ID]) VALUES (N'wfrmGroupsRoles.lblGroupId', N'55        ')
INSERT INTO [dbo].[MLObjects_T] ([id], [MLMessage_ID]) VALUES (N'wfrmGroupsRoles.lblRExistentes', N'81        ')
INSERT INTO [dbo].[MLObjects_T] ([id], [MLMessage_ID]) VALUES (N'wfrmGroupsRoles.lblRPertenece', N'82        ')
INSERT INTO [dbo].[MLObjects_T] ([id], [MLMessage_ID]) VALUES (N'wfrmGroupsRoles.lblTemplate', N'78        ')
INSERT INTO [dbo].[MLObjects_T] ([id], [MLMessage_ID]) VALUES (N'wfrmGroupsRoles.lblTitulo', N'80        ')
INSERT INTO [dbo].[MLObjects_T] ([id], [MLMessage_ID]) VALUES (N'wfrmGroupsRoles.lnkVolver', N'35        ')
INSERT INTO [dbo].[MLObjects_T] ([id], [MLMessage_ID]) VALUES (N'wfrmGroupsSegDatos.btnAceptar', N'32        ')
INSERT INTO [dbo].[MLObjects_T] ([id], [MLMessage_ID]) VALUES (N'wfrmGroupsSegDatos.chkTodos', N'160       ')
INSERT INTO [dbo].[MLObjects_T] ([id], [MLMessage_ID]) VALUES (N'wfrmGroupsSegDatos.lblCampo', N'36        ')
INSERT INTO [dbo].[MLObjects_T] ([id], [MLMessage_ID]) VALUES (N'wfrmGroupsSegDatos.lblEmpresa', N'79        ')
INSERT INTO [dbo].[MLObjects_T] ([id], [MLMessage_ID]) VALUES (N'wfrmGroupsSegDatos.lblGroupId', N'55        ')
INSERT INTO [dbo].[MLObjects_T] ([id], [MLMessage_ID]) VALUES (N'wfrmGroupsSegDatos.lblTemplate', N'78        ')
INSERT INTO [dbo].[MLObjects_T] ([id], [MLMessage_ID]) VALUES (N'wfrmGroupsSegDatos.lblTitulo', N'161       ')
INSERT INTO [dbo].[MLObjects_T] ([id], [MLMessage_ID]) VALUES (N'wfrmGroupsSegDatos.lblTodos', N'160       ')
INSERT INTO [dbo].[MLObjects_T] ([id], [MLMessage_ID]) VALUES (N'wfrmGroupsSegDatos.lblValor', N'29        ')
INSERT INTO [dbo].[MLObjects_T] ([id], [MLMessage_ID]) VALUES (N'wfrmGroupsSegDatos.lblValores', N'29        ')
INSERT INTO [dbo].[MLObjects_T] ([id], [MLMessage_ID]) VALUES (N'wfrmGroupsSegDatos.lnkVolver ', N'35        ')
INSERT INTO [dbo].[MLObjects_T] ([id], [MLMessage_ID]) VALUES (N'wfrmGroupsSegDatos.uwgResultado.acceso_full', N'160       ')
INSERT INTO [dbo].[MLObjects_T] ([id], [MLMessage_ID]) VALUES (N'wfrmGroupsSegDatos.uwgResultado.campo', N'36        ')
INSERT INTO [dbo].[MLObjects_T] ([id], [MLMessage_ID]) VALUES (N'wfrmGroupsSegDatos.uwgResultado.empresa_id', N'79        ')
INSERT INTO [dbo].[MLObjects_T] ([id], [MLMessage_ID]) VALUES (N'wfrmGroupsSegDatos.uwgResultado.template', N'78        ')
INSERT INTO [dbo].[MLObjects_T] ([id], [MLMessage_ID]) VALUES (N'wfrmGroupsSegDatos.uwgResultado.template_id', N'78        ')
INSERT INTO [dbo].[MLObjects_T] ([id], [MLMessage_ID]) VALUES (N'wfrmGroupsSegDatos.uwgResultado.valor', N'29        ')
INSERT INTO [dbo].[MLObjects_T] ([id], [MLMessage_ID]) VALUES (N'wfrmGroupsSegDatos.uwgResultado.valor_bd', N'29        ')
INSERT INTO [dbo].[MLObjects_T] ([id], [MLMessage_ID]) VALUES (N'wfrmImagenFullPage.btnIr', N'39        ')
INSERT INTO [dbo].[MLObjects_T] ([id], [MLMessage_ID]) VALUES (N'wfrmImagenFullPage.btnRotar0', N'251       ')
INSERT INTO [dbo].[MLObjects_T] ([id], [MLMessage_ID]) VALUES (N'wfrmImagenFullPage.btnRotar180', N'253       ')
INSERT INTO [dbo].[MLObjects_T] ([id], [MLMessage_ID]) VALUES (N'wfrmImagenFullPage.btnRotar270', N'254       ')
INSERT INTO [dbo].[MLObjects_T] ([id], [MLMessage_ID]) VALUES (N'wfrmImagenFullPage.btnRotar90', N'252       ')
INSERT INTO [dbo].[MLObjects_T] ([id], [MLMessage_ID]) VALUES (N'wfrmImagenFullPage.ibtnAdelante', N'136       ')
INSERT INTO [dbo].[MLObjects_T] ([id], [MLMessage_ID]) VALUES (N'wfrmImagenFullPage.ibtnAtras', N'135       ')
INSERT INTO [dbo].[MLObjects_T] ([id], [MLMessage_ID]) VALUES (N'wfrmImagenFullPage.lblDe', N'124       ')
INSERT INTO [dbo].[MLObjects_T] ([id], [MLMessage_ID]) VALUES (N'wfrmImagenFullPage.lblIr', N'39        ')
INSERT INTO [dbo].[MLObjects_T] ([id], [MLMessage_ID]) VALUES (N'wfrmImagenFullPage.lblSeccion', N'164       ')
INSERT INTO [dbo].[MLObjects_T] ([id], [MLMessage_ID]) VALUES (N'wfrmImagenFullPage.lblTitulo', N'119       ')
INSERT INTO [dbo].[MLObjects_T] ([id], [MLMessage_ID]) VALUES (N'wfrmImagenFullPage.lnkVolver', N'35        ')
INSERT INTO [dbo].[MLObjects_T] ([id], [MLMessage_ID]) VALUES (N'wfrmImgAddDia.btnBuscar', N'23        ')
INSERT INTO [dbo].[MLObjects_T] ([id], [MLMessage_ID]) VALUES (N'wfrmImgAddDia.lblDesde', N'52        ')
INSERT INTO [dbo].[MLObjects_T] ([id], [MLMessage_ID]) VALUES (N'wfrmImgAddDia.lblHasta', N'53        ')
INSERT INTO [dbo].[MLObjects_T] ([id], [MLMessage_ID]) VALUES (N'wfrmImgAddDia.lblTitulo', N'180       ')
INSERT INTO [dbo].[MLObjects_T] ([id], [MLMessage_ID]) VALUES (N'wfrmImgAddDia.uwgResultado.dia', N'48        ')
INSERT INTO [dbo].[MLObjects_T] ([id], [MLMessage_ID]) VALUES (N'wfrmImgAddDia.uwgResultado.imagenes', N'173       ')
INSERT INTO [dbo].[MLObjects_T] ([id], [MLMessage_ID]) VALUES (N'wfrmImgAddDiaTemplate.btnBuscar', N'23        ')
INSERT INTO [dbo].[MLObjects_T] ([id], [MLMessage_ID]) VALUES (N'wfrmImgAddDiaTemplate.imgExportExcel', N'133       ')
INSERT INTO [dbo].[MLObjects_T] ([id], [MLMessage_ID]) VALUES (N'wfrmImgAddDiaTemplate.lblCantImgs', N'173       ')
INSERT INTO [dbo].[MLObjects_T] ([id], [MLMessage_ID]) VALUES (N'wfrmImgAddDiaTemplate.lblDesde', N'52        ')
INSERT INTO [dbo].[MLObjects_T] ([id], [MLMessage_ID]) VALUES (N'wfrmImgAddDiaTemplate.lblEmpresa', N'79        ')
INSERT INTO [dbo].[MLObjects_T] ([id], [MLMessage_ID]) VALUES (N'wfrmImgAddDiaTemplate.lblErrorFecha', N'128       ')
INSERT INTO [dbo].[MLObjects_T] ([id], [MLMessage_ID]) VALUES (N'wfrmImgAddDiaTemplate.lblHasta', N'53        ')
INSERT INTO [dbo].[MLObjects_T] ([id], [MLMessage_ID]) VALUES (N'wfrmImgAddDiaTemplate.lblTemplate', N'78        ')
INSERT INTO [dbo].[MLObjects_T] ([id], [MLMessage_ID]) VALUES (N'wfrmImgAddDiaTemplate.lblTitulo', N'180       ')
INSERT INTO [dbo].[MLObjects_T] ([id], [MLMessage_ID]) VALUES (N'wfrmImgAddDiaTemplate.uwgResultado.dia', N'48        ')
INSERT INTO [dbo].[MLObjects_T] ([id], [MLMessage_ID]) VALUES (N'wfrmImgAddDiaTemplate.uwgResultado.imagenes', N'181       ')
INSERT INTO [dbo].[MLObjects_T] ([id], [MLMessage_ID]) VALUES (N'wfrmLeft.hplAConsulta', N'15        ')
INSERT INTO [dbo].[MLObjects_T] ([id], [MLMessage_ID]) VALUES (N'wfrmLeft.hplAOperaciones', N'12        ')
INSERT INTO [dbo].[MLObjects_T] ([id], [MLMessage_ID]) VALUES (N'wfrmLeft.hplCambiarPassword', N'17        ')
INSERT INTO [dbo].[MLObjects_T] ([id], [MLMessage_ID]) VALUES (N'wfrmLeft.hplGrupos', N'11        ')
INSERT INTO [dbo].[MLObjects_T] ([id], [MLMessage_ID]) VALUES (N'wfrmLeft.hplHelp', N'157       ')
INSERT INTO [dbo].[MLObjects_T] ([id], [MLMessage_ID]) VALUES (N'wfrmLeft.hplOperaciones', N'13        ')
INSERT INTO [dbo].[MLObjects_T] ([id], [MLMessage_ID]) VALUES (N'wfrmLeft.hplRole', N'14        ')
INSERT INTO [dbo].[MLObjects_T] ([id], [MLMessage_ID]) VALUES (N'wfrmLeft.hypUsuario', N'10        ')
INSERT INTO [dbo].[MLObjects_T] ([id], [MLMessage_ID]) VALUES (N'wfrmLeft.ibtmRefrescar', N'130       ')
INSERT INTO [dbo].[MLObjects_T] ([id], [MLMessage_ID]) VALUES (N'wfrmLeft.lblPanelControl', N'9         ')
INSERT INTO [dbo].[MLObjects_T] ([id], [MLMessage_ID]) VALUES (N'wfrmLeft.lblUsuario', N'6         ')
INSERT INTO [dbo].[MLObjects_T] ([id], [MLMessage_ID]) VALUES (N'wfrmLeft.lbntRefrescar', N'8         ')
INSERT INTO [dbo].[MLObjects_T] ([id], [MLMessage_ID]) VALUES (N'wfrmLeft.lnkLogOff', N'16        ')
INSERT INTO [dbo].[MLObjects_T] ([id], [MLMessage_ID]) VALUES (N'wfrmLicenciasConsumidas.lblMsg', N'257       ')
INSERT INTO [dbo].[MLObjects_T] ([id], [MLMessage_ID]) VALUES (N'wfrmLicenciasConsumidas.lblTitulo', N'256       ')
INSERT INTO [dbo].[MLObjects_T] ([id], [MLMessage_ID]) VALUES (N'wfrmLinksImagenes.AyudaEmail', N'202       ')
INSERT INTO [dbo].[MLObjects_T] ([id], [MLMessage_ID]) VALUES (N'wfrmLinksImagenes.btnIr', N'39        ')
INSERT INTO [dbo].[MLObjects_T] ([id], [MLMessage_ID]) VALUES (N'wfrmLinksImagenes.btnLogistica', N'126       ')
INSERT INTO [dbo].[MLObjects_T] ([id], [MLMessage_ID]) VALUES (N'wfrmLinksImagenes.ibtmPrintAll', N'139       ')
INSERT INTO [dbo].[MLObjects_T] ([id], [MLMessage_ID]) VALUES (N'wfrmLinksImagenes.ibtnAdelante', N'137       ')
INSERT INTO [dbo].[MLObjects_T] ([id], [MLMessage_ID]) VALUES (N'wfrmLinksImagenes.ibtnAtras', N'136       ')
INSERT INTO [dbo].[MLObjects_T] ([id], [MLMessage_ID]) VALUES (N'wfrmLinksImagenes.ibtnModifDoc', N'141       ')
INSERT INTO [dbo].[MLObjects_T] ([id], [MLMessage_ID]) VALUES (N'wfrmLinksImagenes.ibtnModImagen', N'140       ')
INSERT INTO [dbo].[MLObjects_T] ([id], [MLMessage_ID]) VALUES (N'wfrmLinksImagenes.ibtnPrintUna', N'138       ')
INSERT INTO [dbo].[MLObjects_T] ([id], [MLMessage_ID]) VALUES (N'wfrmLinksImagenes.ihplFirmaDigi', N'203       ')
INSERT INTO [dbo].[MLObjects_T] ([id], [MLMessage_ID]) VALUES (N'wfrmLinksImagenes.ihplFullPage', N'119       ')
INSERT INTO [dbo].[MLObjects_T] ([id], [MLMessage_ID]) VALUES (N'wfrmLinksImagenes.ihplNotas', N'40        ')
INSERT INTO [dbo].[MLObjects_T] ([id], [MLMessage_ID]) VALUES (N'wfrmLinksImagenes.ihplRotar', N'250       ')
INSERT INTO [dbo].[MLObjects_T] ([id], [MLMessage_ID]) VALUES (N'wfrmLinksImagenes.imgBusqRapida', N'131       ')
INSERT INTO [dbo].[MLObjects_T] ([id], [MLMessage_ID]) VALUES (N'wfrmLinksImagenes.imgGrabarNota', N'142       ')
INSERT INTO [dbo].[MLObjects_T] ([id], [MLMessage_ID]) VALUES (N'wfrmLinksImagenes.lblCaja', N'41        ')
INSERT INTO [dbo].[MLObjects_T] ([id], [MLMessage_ID]) VALUES (N'wfrmLinksImagenes.lblDe', N'38        ')
INSERT INTO [dbo].[MLObjects_T] ([id], [MLMessage_ID]) VALUES (N'wfrmLinksImagenes.lblIr', N'39        ')
INSERT INTO [dbo].[MLObjects_T] ([id], [MLMessage_ID]) VALUES (N'wfrmLinksImagenes.lblLote', N'42        ')
INSERT INTO [dbo].[MLObjects_T] ([id], [MLMessage_ID]) VALUES (N'wfrmLinksImagenes.lblOrden', N'43        ')
INSERT INTO [dbo].[MLObjects_T] ([id], [MLMessage_ID]) VALUES (N'wfrmLinksImagenes.lblSeccion', N'164       ')
INSERT INTO [dbo].[MLObjects_T] ([id], [MLMessage_ID]) VALUES (N'wfrmLinksImagenes.lblTitulo', N'37        ')
INSERT INTO [dbo].[MLObjects_T] ([id], [MLMessage_ID]) VALUES (N'wfrmLinksImagenes.lnkBusqRapida', N'131       ')
INSERT INTO [dbo].[MLObjects_T] ([id], [MLMessage_ID]) VALUES (N'wfrmLinksImagenes.lnkBusquedaRapida', N'131       ')
INSERT INTO [dbo].[MLObjects_T] ([id], [MLMessage_ID]) VALUES (N'wfrmLinksImagenes.lnkVolver', N'35        ')
INSERT INTO [dbo].[MLObjects_T] ([id], [MLMessage_ID]) VALUES (N'wfrmLinksImagenes.lnlNotas', N'40        ')
INSERT INTO [dbo].[MLObjects_T] ([id], [MLMessage_ID]) VALUES (N'wfrmLogin.btnLogin', N'4         ')
INSERT INTO [dbo].[MLObjects_T] ([id], [MLMessage_ID]) VALUES (N'wfrmLogin.lblDerechos', N'7         ')
INSERT INTO [dbo].[MLObjects_T] ([id], [MLMessage_ID]) VALUES (N'wfrmLogin.lblIdioma', N'3         ')
INSERT INTO [dbo].[MLObjects_T] ([id], [MLMessage_ID]) VALUES (N'wfrmLogin.lblInfo', N'2         ')
INSERT INTO [dbo].[MLObjects_T] ([id], [MLMessage_ID]) VALUES (N'wfrmLogin.lblLoginInvalid', N'5         ')
INSERT INTO [dbo].[MLObjects_T] ([id], [MLMessage_ID]) VALUES (N'wfrmLogin.lblPassword', N'1         ')
INSERT INTO [dbo].[MLObjects_T] ([id], [MLMessage_ID]) VALUES (N'wfrmLogin.lblUsuario', N'6         ')
INSERT INTO [dbo].[MLObjects_T] ([id], [MLMessage_ID]) VALUES (N'wfrmLogistica.imgExportExcel', N'133       ')
INSERT INTO [dbo].[MLObjects_T] ([id], [MLMessage_ID]) VALUES (N'wfrmLogistica.lblTitulo', N'126       ')
INSERT INTO [dbo].[MLObjects_T] ([id], [MLMessage_ID]) VALUES (N'wfrmLogistica.lnkVolver', N'35        ')
INSERT INTO [dbo].[MLObjects_T] ([id], [MLMessage_ID]) VALUES (N'wfrmLogistica.uwgResultado.caja', N'41        ')
INSERT INTO [dbo].[MLObjects_T] ([id], [MLMessage_ID]) VALUES (N'wfrmLogistica.uwgResultado.cajadef', N'162       ')
INSERT INTO [dbo].[MLObjects_T] ([id], [MLMessage_ID]) VALUES (N'wfrmLogistica.uwgResultado.cajadefdescr', N'56        ')
INSERT INTO [dbo].[MLObjects_T] ([id], [MLMessage_ID]) VALUES (N'wfrmLogistica.uwgResultado.lote', N'42        ')
INSERT INTO [dbo].[MLObjects_T] ([id], [MLMessage_ID]) VALUES (N'wfrmLogistica.uwgResultado.orden', N'43        ')
INSERT INTO [dbo].[MLObjects_T] ([id], [MLMessage_ID]) VALUES (N'wfrmLogistica.uwgResultado.ordinal', N'258       ')
INSERT INTO [dbo].[MLObjects_T] ([id], [MLMessage_ID]) VALUES (N'wfrmLogistica.uwgResultado.ubicacion', N'255       ')
INSERT INTO [dbo].[MLObjects_T] ([id], [MLMessage_ID]) VALUES (N'wfrmLogistica.uwgResultado.ubicacion', N'259       ')
INSERT INTO [dbo].[MLObjects_T] ([id], [MLMessage_ID]) VALUES (N'wfrmMemberShipAsign.lblGExistentes', N'86        ')
INSERT INTO [dbo].[MLObjects_T] ([id], [MLMessage_ID]) VALUES (N'wfrmMemberShipAsign.lblGPertenece', N'87        ')
INSERT INTO [dbo].[MLObjects_T] ([id], [MLMessage_ID]) VALUES (N'wfrmMemberShipAsign.lblTitulo', N'85        ')
INSERT INTO [dbo].[MLObjects_T] ([id], [MLMessage_ID]) VALUES (N'wfrmMemberShipAsign.lblUserID', N'6         ')
INSERT INTO [dbo].[MLObjects_T] ([id], [MLMessage_ID]) VALUES (N'wfrmMemberShipAsign.lnkVolver', N'35        ')
INSERT INTO [dbo].[MLObjects_T] ([id], [MLMessage_ID]) VALUES (N'wfrmMemberShipAsignGroups.lblGroupID', N'55        ')
INSERT INTO [dbo].[MLObjects_T] ([id], [MLMessage_ID]) VALUES (N'wfrmMemberShipAsignGroups.lblTitulo', N'88        ')
INSERT INTO [dbo].[MLObjects_T] ([id], [MLMessage_ID]) VALUES (N'wfrmMemberShipAsignGroups.lblUExistentes', N'89        ')
INSERT INTO [dbo].[MLObjects_T] ([id], [MLMessage_ID]) VALUES (N'wfrmMemberShipAsignGroups.lblUPertenece', N'90        ')
INSERT INTO [dbo].[MLObjects_T] ([id], [MLMessage_ID]) VALUES (N'wfrmMemberShipAsignGroups.lnkVolver', N'35        ')
INSERT INTO [dbo].[MLObjects_T] ([id], [MLMessage_ID]) VALUES (N'wfrmModificaciones.ibtnModifDoc', N'141       ')
INSERT INTO [dbo].[MLObjects_T] ([id], [MLMessage_ID]) VALUES (N'wfrmModificaciones.ibtnModImagen', N'140       ')
INSERT INTO [dbo].[MLObjects_T] ([id], [MLMessage_ID]) VALUES (N'wfrmModificaciones.imgGrabarBusq', N'143       ')
INSERT INTO [dbo].[MLObjects_T] ([id], [MLMessage_ID]) VALUES (N'wfrmModificaciones.lblCampo', N'27        ')
INSERT INTO [dbo].[MLObjects_T] ([id], [MLMessage_ID]) VALUES (N'wfrmModificaciones.lblConfirmar', N'45        ')
INSERT INTO [dbo].[MLObjects_T] ([id], [MLMessage_ID]) VALUES (N'wfrmModificaciones.lblTitulo', N'44        ')
INSERT INTO [dbo].[MLObjects_T] ([id], [MLMessage_ID]) VALUES (N'wfrmModificaciones.lblValor', N'29        ')
INSERT INTO [dbo].[MLObjects_T] ([id], [MLMessage_ID]) VALUES (N'wfrmModificaciones.lnkVolver', N'35        ')
INSERT INTO [dbo].[MLObjects_T] ([id], [MLMessage_ID]) VALUES (N'wfrmModificaciones.uwgBusqueda.campoDescr', N'27        ')
INSERT INTO [dbo].[MLObjects_T] ([id], [MLMessage_ID]) VALUES (N'wfrmModificaciones.uwgBusqueda.campoID', N'36        ')
INSERT INTO [dbo].[MLObjects_T] ([id], [MLMessage_ID]) VALUES (N'wfrmModificaciones.uwgBusqueda.campoOper', N'28        ')
INSERT INTO [dbo].[MLObjects_T] ([id], [MLMessage_ID]) VALUES (N'wfrmModificaciones.uwgBusqueda.campoValue', N'29        ')
INSERT INTO [dbo].[MLObjects_T] ([id], [MLMessage_ID]) VALUES (N'wfrmModificacionesDocumento.ibtnModifDoc', N'141       ')
INSERT INTO [dbo].[MLObjects_T] ([id], [MLMessage_ID]) VALUES (N'wfrmModificacionesDocumento.ibtnModImagen', N'140       ')
INSERT INTO [dbo].[MLObjects_T] ([id], [MLMessage_ID]) VALUES (N'wfrmModificacionesDocumento.imgGrabarBusq', N'143       ')
INSERT INTO [dbo].[MLObjects_T] ([id], [MLMessage_ID]) VALUES (N'wfrmModificacionesDocumento.lblCampo', N'27        ')
INSERT INTO [dbo].[MLObjects_T] ([id], [MLMessage_ID]) VALUES (N'wfrmModificacionesDocumento.lblConfirmar', N'45        ')
INSERT INTO [dbo].[MLObjects_T] ([id], [MLMessage_ID]) VALUES (N'wfrmModificacionesDocumento.lblTitulo', N'44        ')
INSERT INTO [dbo].[MLObjects_T] ([id], [MLMessage_ID]) VALUES (N'wfrmModificacionesDocumento.lblValor', N'29        ')
INSERT INTO [dbo].[MLObjects_T] ([id], [MLMessage_ID]) VALUES (N'wfrmModificacionesDocumento.lnkVolver', N'35        ')
INSERT INTO [dbo].[MLObjects_T] ([id], [MLMessage_ID]) VALUES (N'wfrmModificacionesDocumento.uwgBusqueda.campoDescr', N'27        ')
INSERT INTO [dbo].[MLObjects_T] ([id], [MLMessage_ID]) VALUES (N'wfrmModificacionesDocumento.uwgBusqueda.campoID', N'36        ')
INSERT INTO [dbo].[MLObjects_T] ([id], [MLMessage_ID]) VALUES (N'wfrmModificacionesDocumento.uwgBusqueda.campoOper', N'28        ')
INSERT INTO [dbo].[MLObjects_T] ([id], [MLMessage_ID]) VALUES (N'wfrmModificacionesDocumento.uwgBusqueda.campoValue', N'29        ')
INSERT INTO [dbo].[MLObjects_T] ([id], [MLMessage_ID]) VALUES (N'wfrmModificacionesImagen.btnImgModif', N'176       ')
INSERT INTO [dbo].[MLObjects_T] ([id], [MLMessage_ID]) VALUES (N'wfrmModificacionesImagen.ibtnModifDoc', N'141       ')
INSERT INTO [dbo].[MLObjects_T] ([id], [MLMessage_ID]) VALUES (N'wfrmModificacionesImagen.ibtnModImagen', N'140       ')
INSERT INTO [dbo].[MLObjects_T] ([id], [MLMessage_ID]) VALUES (N'wfrmModificacionesImagen.imgGrabarBusq', N'143       ')
INSERT INTO [dbo].[MLObjects_T] ([id], [MLMessage_ID]) VALUES (N'wfrmModificacionesImagen.lblCampo', N'27        ')
INSERT INTO [dbo].[MLObjects_T] ([id], [MLMessage_ID]) VALUES (N'wfrmModificacionesImagen.lblCantidadImagenes', N'173       ')
INSERT INTO [dbo].[MLObjects_T] ([id], [MLMessage_ID]) VALUES (N'wfrmModificacionesImagen.lblConfirmar', N'45        ')
INSERT INTO [dbo].[MLObjects_T] ([id], [MLMessage_ID]) VALUES (N'wfrmModificacionesImagen.lblDesde', N'52        ')
INSERT INTO [dbo].[MLObjects_T] ([id], [MLMessage_ID]) VALUES (N'wfrmModificacionesImagen.lblHasta', N'53        ')
INSERT INTO [dbo].[MLObjects_T] ([id], [MLMessage_ID]) VALUES (N'wfrmModificacionesImagen.lblImgDesde', N'174       ')
INSERT INTO [dbo].[MLObjects_T] ([id], [MLMessage_ID]) VALUES (N'wfrmModificacionesImagen.lblImgHasta', N'175       ')
INSERT INTO [dbo].[MLObjects_T] ([id], [MLMessage_ID]) VALUES (N'wfrmModificacionesImagen.lblTitulo', N'44        ')
INSERT INTO [dbo].[MLObjects_T] ([id], [MLMessage_ID]) VALUES (N'wfrmModificacionesImagen.lblValor', N'29        ')
INSERT INTO [dbo].[MLObjects_T] ([id], [MLMessage_ID]) VALUES (N'wfrmModificacionesImagen.lnkVolver', N'35        ')
INSERT INTO [dbo].[MLObjects_T] ([id], [MLMessage_ID]) VALUES (N'wfrmModificacionesImagen.uwgBusqueda.campoDescr', N'27        ')
INSERT INTO [dbo].[MLObjects_T] ([id], [MLMessage_ID]) VALUES (N'wfrmModificacionesImagen.uwgBusqueda.campoID', N'36        ')
INSERT INTO [dbo].[MLObjects_T] ([id], [MLMessage_ID]) VALUES (N'wfrmModificacionesImagen.uwgBusqueda.campoOper', N'28        ')
INSERT INTO [dbo].[MLObjects_T] ([id], [MLMessage_ID]) VALUES (N'wfrmModificacionesImagen.uwgBusqueda.campoValue', N'29        ')
INSERT INTO [dbo].[MLObjects_T] ([id], [MLMessage_ID]) VALUES (N'wfrmOpers.btnPertenecia', N'92        ')
INSERT INTO [dbo].[MLObjects_T] ([id], [MLMessage_ID]) VALUES (N'wfrmOpers.lblDescr', N'56        ')
INSERT INTO [dbo].[MLObjects_T] ([id], [MLMessage_ID]) VALUES (N'wfrmOpers.lblGrupos', N'11        ')
INSERT INTO [dbo].[MLObjects_T] ([id], [MLMessage_ID]) VALUES (N'wfrmOpers.lblLastNumber', N'60        ')
INSERT INTO [dbo].[MLObjects_T] ([id], [MLMessage_ID]) VALUES (N'wfrmOpers.lblOperId', N'59        ')
INSERT INTO [dbo].[MLObjects_T] ([id], [MLMessage_ID]) VALUES (N'wfrmOpers.lblTitulo', N'13        ')
INSERT INTO [dbo].[MLObjects_T] ([id], [MLMessage_ID]) VALUES (N'wfrmOpers.lblUsuarios', N'76        ')
INSERT INTO [dbo].[MLObjects_T] ([id], [MLMessage_ID]) VALUES (N'wfrmOpers.uwgResultado.descr', N'56        ')
INSERT INTO [dbo].[MLObjects_T] ([id], [MLMessage_ID]) VALUES (N'wfrmOpers.uwgResultado.namecomplete', N'66        ')
INSERT INTO [dbo].[MLObjects_T] ([id], [MLMessage_ID]) VALUES (N'wfrmOpers.uwgResultado.user_id', N'6         ')
INSERT INTO [dbo].[MLObjects_T] ([id], [MLMessage_ID]) VALUES (N'wfrmOpers.uwgResultadoGrupo.descr', N'56        ')
INSERT INTO [dbo].[MLObjects_T] ([id], [MLMessage_ID]) VALUES (N'wfrmOpers.uwgResultadoGrupo.group_id', N'55        ')
INSERT INTO [dbo].[MLObjects_T] ([id], [MLMessage_ID]) VALUES (N'wfrmOpersRoles.btnPertenecia', N'92        ')
INSERT INTO [dbo].[MLObjects_T] ([id], [MLMessage_ID]) VALUES (N'wfrmOpersRoles.lblDescr', N'56        ')
INSERT INTO [dbo].[MLObjects_T] ([id], [MLMessage_ID]) VALUES (N'wfrmOpersRoles.lblLastNumber', N'60        ')
INSERT INTO [dbo].[MLObjects_T] ([id], [MLMessage_ID]) VALUES (N'wfrmOpersRoles.lblOperId', N'59        ')
INSERT INTO [dbo].[MLObjects_T] ([id], [MLMessage_ID]) VALUES (N'wfrmOpersRoles.lblRoles', N'77        ')
INSERT INTO [dbo].[MLObjects_T] ([id], [MLMessage_ID]) VALUES (N'wfrmOpersRoles.lblTitulo', N'13        ')
INSERT INTO [dbo].[MLObjects_T] ([id], [MLMessage_ID]) VALUES (N'wfrmOpersRoles.uwgResultado.descr', N'56        ')
INSERT INTO [dbo].[MLObjects_T] ([id], [MLMessage_ID]) VALUES (N'wfrmOpersRoles.uwgResultado.role_id', N'64        ')
INSERT INTO [dbo].[MLObjects_T] ([id], [MLMessage_ID]) VALUES (N'wfrmPanelControl.hplAConsulta', N'15        ')
INSERT INTO [dbo].[MLObjects_T] ([id], [MLMessage_ID]) VALUES (N'wfrmPanelControl.hplAOperaciones', N'12        ')
INSERT INTO [dbo].[MLObjects_T] ([id], [MLMessage_ID]) VALUES (N'wfrmPanelControl.hplCambiarPassword', N'170       ')
INSERT INTO [dbo].[MLObjects_T] ([id], [MLMessage_ID]) VALUES (N'wfrmPanelControl.hplGrupos', N'11        ')
INSERT INTO [dbo].[MLObjects_T] ([id], [MLMessage_ID]) VALUES (N'wfrmPanelControl.hplHelp', N'157       ')
INSERT INTO [dbo].[MLObjects_T] ([id], [MLMessage_ID]) VALUES (N'wfrmPanelControl.hplIndImgDia', N'180       ')
INSERT INTO [dbo].[MLObjects_T] ([id], [MLMessage_ID]) VALUES (N'wfrmPanelControl.hplOperaciones', N'13        ')
INSERT INTO [dbo].[MLObjects_T] ([id], [MLMessage_ID]) VALUES (N'wfrmPanelControl.hplRole', N'14        ')
INSERT INTO [dbo].[MLObjects_T] ([id], [MLMessage_ID]) VALUES (N'wfrmPanelControl.hypRepGroups', N'184       ')
INSERT INTO [dbo].[MLObjects_T] ([id], [MLMessage_ID]) VALUES (N'wfrmPanelControl.hypRepGroupss', N'184       ')
INSERT INTO [dbo].[MLObjects_T] ([id], [MLMessage_ID]) VALUES (N'wfrmPanelControl.hypRepGrpOper', N'195       ')
INSERT INTO [dbo].[MLObjects_T] ([id], [MLMessage_ID]) VALUES (N'wfrmPanelControl.hypRepGrpRol', N'190       ')
INSERT INTO [dbo].[MLObjects_T] ([id], [MLMessage_ID]) VALUES (N'wfrmPanelControl.hypRepGrpSec', N'191       ')
INSERT INTO [dbo].[MLObjects_T] ([id], [MLMessage_ID]) VALUES (N'wfrmPanelControl.hypRepOperaciones', N'193       ')
INSERT INTO [dbo].[MLObjects_T] ([id], [MLMessage_ID]) VALUES (N'wfrmPanelControl.hypRepRol', N'186       ')
INSERT INTO [dbo].[MLObjects_T] ([id], [MLMessage_ID]) VALUES (N'wfrmPanelControl.hypRepRolOper', N'187       ')
INSERT INTO [dbo].[MLObjects_T] ([id], [MLMessage_ID]) VALUES (N'wfrmPanelControl.hypRepRolOper', N'193       ')
INSERT INTO [dbo].[MLObjects_T] ([id], [MLMessage_ID]) VALUES (N'wfrmPanelControl.hypRepRolOpers', N'188       ')
INSERT INTO [dbo].[MLObjects_T] ([id], [MLMessage_ID]) VALUES (N'wfrmPanelControl.hypRepRolTemplates', N'188       ')
INSERT INTO [dbo].[MLObjects_T] ([id], [MLMessage_ID]) VALUES (N'wfrmPanelControl.hypRepUsers', N'183       ')
INSERT INTO [dbo].[MLObjects_T] ([id], [MLMessage_ID]) VALUES (N'wfrmPanelControl.hypRepUsrGrp', N'185       ')
INSERT INTO [dbo].[MLObjects_T] ([id], [MLMessage_ID]) VALUES (N'wfrmPanelControl.hypRepUsrOper', N'194       ')
INSERT INTO [dbo].[MLObjects_T] ([id], [MLMessage_ID]) VALUES (N'wfrmPanelControl.hypRepUsrRol', N'189       ')
INSERT INTO [dbo].[MLObjects_T] ([id], [MLMessage_ID]) VALUES (N'wfrmPanelControl.hypRepUsrSec', N'192       ')
INSERT INTO [dbo].[MLObjects_T] ([id], [MLMessage_ID]) VALUES (N'wfrmPanelControl.hypUsuario', N'10        ')
INSERT INTO [dbo].[MLObjects_T] ([id], [MLMessage_ID]) VALUES (N'wfrmPanelControl.lblTitulo', N'9         ')
INSERT INTO [dbo].[MLObjects_T] ([id], [MLMessage_ID]) VALUES (N'wfrmPermisos.lblGExistentes', N'86        ')
INSERT INTO [dbo].[MLObjects_T] ([id], [MLMessage_ID]) VALUES (N'wfrmPermisos.lblGPertenece', N'87        ')
INSERT INTO [dbo].[MLObjects_T] ([id], [MLMessage_ID]) VALUES (N'wfrmPermisos.lblOperID', N'59        ')
INSERT INTO [dbo].[MLObjects_T] ([id], [MLMessage_ID]) VALUES (N'wfrmPermisos.lblTitulo', N'92        ')
INSERT INTO [dbo].[MLObjects_T] ([id], [MLMessage_ID]) VALUES (N'wfrmPermisos.lblUExistentes', N'89        ')
INSERT INTO [dbo].[MLObjects_T] ([id], [MLMessage_ID]) VALUES (N'wfrmPermisos.lblUPertenece', N'90        ')
INSERT INTO [dbo].[MLObjects_T] ([id], [MLMessage_ID]) VALUES (N'wfrmPermisos.lnkVolver', N'35        ')
INSERT INTO [dbo].[MLObjects_T] ([id], [MLMessage_ID]) VALUES (N'wfrmPermisosRoles.lblOperID', N'59        ')
INSERT INTO [dbo].[MLObjects_T] ([id], [MLMessage_ID]) VALUES (N'wfrmPermisosRoles.lblRExistentes', N'81        ')
INSERT INTO [dbo].[MLObjects_T] ([id], [MLMessage_ID]) VALUES (N'wfrmPermisosRoles.lblRPertenece', N'82        ')
INSERT INTO [dbo].[MLObjects_T] ([id], [MLMessage_ID]) VALUES (N'wfrmPermisosRoles.lblTitulo', N'120       ')
INSERT INTO [dbo].[MLObjects_T] ([id], [MLMessage_ID]) VALUES (N'wfrmPermisosRoles.lnkVolver', N'35        ')
INSERT INTO [dbo].[MLObjects_T] ([id], [MLMessage_ID]) VALUES (N'wfrmReporteGrpOper.imgExportExcel', N'133       ')
INSERT INTO [dbo].[MLObjects_T] ([id], [MLMessage_ID]) VALUES (N'wfrmReporteGrpOper.lblTitulo', N'195       ')
INSERT INTO [dbo].[MLObjects_T] ([id], [MLMessage_ID]) VALUES (N'wfrmReporteGrpOper.uwgResultado.group_id', N'55        ')
INSERT INTO [dbo].[MLObjects_T] ([id], [MLMessage_ID]) VALUES (N'wfrmReporteGrpOper.uwgResultado.task_id', N'49        ')
INSERT INTO [dbo].[MLObjects_T] ([id], [MLMessage_ID]) VALUES (N'wfrmReporteGrpRol.imgExportExcel', N'133       ')
INSERT INTO [dbo].[MLObjects_T] ([id], [MLMessage_ID]) VALUES (N'wfrmReporteGrpRol.lblTitulo', N'190       ')
INSERT INTO [dbo].[MLObjects_T] ([id], [MLMessage_ID]) VALUES (N'wfrmReporteGrpRol.uwgResultado.descripcio', N'56        ')
INSERT INTO [dbo].[MLObjects_T] ([id], [MLMessage_ID]) VALUES (N'wfrmReporteGrpRol.uwgResultado.group_id', N'55        ')
INSERT INTO [dbo].[MLObjects_T] ([id], [MLMessage_ID]) VALUES (N'wfrmReporteGrpRol.uwgResultado.role_id', N'64        ')
INSERT INTO [dbo].[MLObjects_T] ([id], [MLMessage_ID]) VALUES (N'wfrmReporteGrpRol.uwgResultado.tmplate', N'78        ')
INSERT INTO [dbo].[MLObjects_T] ([id], [MLMessage_ID]) VALUES (N'wfrmReporteGrpSec.acceso_full', N'160       ')
INSERT INTO [dbo].[MLObjects_T] ([id], [MLMessage_ID]) VALUES (N'wfrmReporteGrpSec.campo', N'36        ')
INSERT INTO [dbo].[MLObjects_T] ([id], [MLMessage_ID]) VALUES (N'wfrmReporteGrpSec.group_id', N'55        ')
INSERT INTO [dbo].[MLObjects_T] ([id], [MLMessage_ID]) VALUES (N'wfrmReporteGrpSec.imgExportExcel', N'133       ')
INSERT INTO [dbo].[MLObjects_T] ([id], [MLMessage_ID]) VALUES (N'wfrmReporteGrpSec.lblTitulo', N'191       ')
INSERT INTO [dbo].[MLObjects_T] ([id], [MLMessage_ID]) VALUES (N'wfrmReporteGrpSec.tmplate', N'78        ')
INSERT INTO [dbo].[MLObjects_T] ([id], [MLMessage_ID]) VALUES (N'wfrmReporteGrpSec.uwgResultado.acceso_full', N'160       ')
INSERT INTO [dbo].[MLObjects_T] ([id], [MLMessage_ID]) VALUES (N'wfrmReporteGrpSec.uwgResultado.campo', N'36        ')
INSERT INTO [dbo].[MLObjects_T] ([id], [MLMessage_ID]) VALUES (N'wfrmReporteGrpSec.uwgResultado.group_id', N'55        ')
INSERT INTO [dbo].[MLObjects_T] ([id], [MLMessage_ID]) VALUES (N'wfrmReporteGrpSec.uwgResultado.tmplate', N'78        ')
INSERT INTO [dbo].[MLObjects_T] ([id], [MLMessage_ID]) VALUES (N'wfrmReporteGrpSec.uwgResultado.valor', N'29        ')
INSERT INTO [dbo].[MLObjects_T] ([id], [MLMessage_ID]) VALUES (N'wfrmReporteGrpSec.valor', N'29        ')
INSERT INTO [dbo].[MLObjects_T] ([id], [MLMessage_ID]) VALUES (N'wfrmReporteGrupo.imgExportExcel', N'133       ')
INSERT INTO [dbo].[MLObjects_T] ([id], [MLMessage_ID]) VALUES (N'wfrmReporteGrupo.lblTitulo', N'184       ')
INSERT INTO [dbo].[MLObjects_T] ([id], [MLMessage_ID]) VALUES (N'wfrmReporteGrupo.lblTitulo', N'185       ')
INSERT INTO [dbo].[MLObjects_T] ([id], [MLMessage_ID]) VALUES (N'wfrmReporteGrupo.uwgResultado.descr', N'56        ')
INSERT INTO [dbo].[MLObjects_T] ([id], [MLMessage_ID]) VALUES (N'wfrmReporteGrupo.uwgResultado.group_id', N'55        ')
INSERT INTO [dbo].[MLObjects_T] ([id], [MLMessage_ID]) VALUES (N'wfrmReporteGrupo.uwgResultado.user_id', N'6         ')
INSERT INTO [dbo].[MLObjects_T] ([id], [MLMessage_ID]) VALUES (N'wfrmReporteOper.imgExportExcel', N'133       ')
INSERT INTO [dbo].[MLObjects_T] ([id], [MLMessage_ID]) VALUES (N'wfrmReporteOper.lblTitulo', N'193       ')
INSERT INTO [dbo].[MLObjects_T] ([id], [MLMessage_ID]) VALUES (N'wfrmReporteOper.uwgResultado.descr', N'56        ')
INSERT INTO [dbo].[MLObjects_T] ([id], [MLMessage_ID]) VALUES (N'wfrmReporteOper.uwgResultado.task_id', N'49        ')
INSERT INTO [dbo].[MLObjects_T] ([id], [MLMessage_ID]) VALUES (N'wfrmReporteRol.imgExportExcel', N'133       ')
INSERT INTO [dbo].[MLObjects_T] ([id], [MLMessage_ID]) VALUES (N'wfrmReporteRol.lblTitulo', N'186       ')
INSERT INTO [dbo].[MLObjects_T] ([id], [MLMessage_ID]) VALUES (N'wfrmReporteRol.uwgResultado.descr', N'56        ')
INSERT INTO [dbo].[MLObjects_T] ([id], [MLMessage_ID]) VALUES (N'wfrmReporteRol.uwgResultado.rol_id', N'64        ')
INSERT INTO [dbo].[MLObjects_T] ([id], [MLMessage_ID]) VALUES (N'wfrmReporteRol.uwgResultado.role_id', N'64        ')
INSERT INTO [dbo].[MLObjects_T] ([id], [MLMessage_ID]) VALUES (N'wfrmReporteRolOper.imgExportExcel', N'133       ')
INSERT INTO [dbo].[MLObjects_T] ([id], [MLMessage_ID]) VALUES (N'wfrmReporteRolOper.lblTitulo', N'187       ')
INSERT INTO [dbo].[MLObjects_T] ([id], [MLMessage_ID]) VALUES (N'wfrmReporteRolOper.uwgResultado.descr', N'56        ')
INSERT INTO [dbo].[MLObjects_T] ([id], [MLMessage_ID]) VALUES (N'wfrmReporteRolOper.uwgResultado.role_task_id', N'49        ')
INSERT INTO [dbo].[MLObjects_T] ([id], [MLMessage_ID]) VALUES (N'wfrmReporteRolOpers.imgExportExcel', N'133       ')
INSERT INTO [dbo].[MLObjects_T] ([id], [MLMessage_ID]) VALUES (N'wfrmReporteRolOpers.lblTitulo', N'188       ')
INSERT INTO [dbo].[MLObjects_T] ([id], [MLMessage_ID]) VALUES (N'wfrmReporteRolOpers.uwgResultado.role_id', N'64        ')
INSERT INTO [dbo].[MLObjects_T] ([id], [MLMessage_ID]) VALUES (N'wfrmReporteRolOpers.uwgResultado.role_task_id', N'49        ')
INSERT INTO [dbo].[MLObjects_T] ([id], [MLMessage_ID]) VALUES (N'wfrmReporteUsrOper.imgExportExcel', N'133       ')
INSERT INTO [dbo].[MLObjects_T] ([id], [MLMessage_ID]) VALUES (N'wfrmReporteUsrOper.lblTitulo', N'194       ')
INSERT INTO [dbo].[MLObjects_T] ([id], [MLMessage_ID]) VALUES (N'wfrmReporteUsrOper.uwgResultado.task_id', N'49        ')
INSERT INTO [dbo].[MLObjects_T] ([id], [MLMessage_ID]) VALUES (N'wfrmReporteUsrOper.uwgResultado.user_id', N'6         ')
INSERT INTO [dbo].[MLObjects_T] ([id], [MLMessage_ID]) VALUES (N'wfrmReporteUsrRol.imgExportExcel', N'133       ')
INSERT INTO [dbo].[MLObjects_T] ([id], [MLMessage_ID]) VALUES (N'wfrmReporteUsrRol.lblTitulo', N'189       ')
INSERT INTO [dbo].[MLObjects_T] ([id], [MLMessage_ID]) VALUES (N'wfrmReporteUsrRol.uwgResultado.descripcio', N'56        ')
INSERT INTO [dbo].[MLObjects_T] ([id], [MLMessage_ID]) VALUES (N'wfrmReporteUsrRol.uwgResultado.role_id', N'64        ')
INSERT INTO [dbo].[MLObjects_T] ([id], [MLMessage_ID]) VALUES (N'wfrmReporteUsrRol.uwgResultado.tmplate', N'78        ')
INSERT INTO [dbo].[MLObjects_T] ([id], [MLMessage_ID]) VALUES (N'wfrmReporteUsrRol.uwgResultado.user_id', N'6         ')
INSERT INTO [dbo].[MLObjects_T] ([id], [MLMessage_ID]) VALUES (N'wfrmReporteUsrSec.imgExportExcel', N'133       ')
INSERT INTO [dbo].[MLObjects_T] ([id], [MLMessage_ID]) VALUES (N'wfrmReporteUsrSec.lblTitulo', N'192       ')
INSERT INTO [dbo].[MLObjects_T] ([id], [MLMessage_ID]) VALUES (N'wfrmReporteUsrSec.uwgResultado.acceso_full', N'160       ')
INSERT INTO [dbo].[MLObjects_T] ([id], [MLMessage_ID]) VALUES (N'wfrmReporteUsrSec.uwgResultado.campo', N'36        ')
INSERT INTO [dbo].[MLObjects_T] ([id], [MLMessage_ID]) VALUES (N'wfrmReporteUsrSec.uwgResultado.tmplate', N'78        ')
INSERT INTO [dbo].[MLObjects_T] ([id], [MLMessage_ID]) VALUES (N'wfrmReporteUsrSec.uwgResultado.user_id', N'6         ')
INSERT INTO [dbo].[MLObjects_T] ([id], [MLMessage_ID]) VALUES (N'wfrmReporteUsrSec.uwgResultado.valor', N'29        ')
INSERT INTO [dbo].[MLObjects_T] ([id], [MLMessage_ID]) VALUES (N'wfrmReporteUsuario.imgExportExcel', N'133       ')
INSERT INTO [dbo].[MLObjects_T] ([id], [MLMessage_ID]) VALUES (N'wfrmReporteUsuario.lblTitulo', N'183       ')
INSERT INTO [dbo].[MLObjects_T] ([id], [MLMessage_ID]) VALUES (N'wfrmReporteUsuario.uwgResultado.descr', N'66        ')
INSERT INTO [dbo].[MLObjects_T] ([id], [MLMessage_ID]) VALUES (N'wfrmReporteUsuario.uwgResultado.user_id', N'6         ')
INSERT INTO [dbo].[MLObjects_T] ([id], [MLMessage_ID]) VALUES (N'wfrmReporteUsuarioGrupo.imgExportExcel', N'133       ')
INSERT INTO [dbo].[MLObjects_T] ([id], [MLMessage_ID]) VALUES (N'wfrmReporteUsuarioGrupo.lblTitulo', N'185       ')
INSERT INTO [dbo].[MLObjects_T] ([id], [MLMessage_ID]) VALUES (N'wfrmReporteUsuarioGrupo.uwgResultado.group_id', N'55        ')
INSERT INTO [dbo].[MLObjects_T] ([id], [MLMessage_ID]) VALUES (N'wfrmReporteUsuarioGrupo.uwgResultado.user_id', N'6         ')
INSERT INTO [dbo].[MLObjects_T] ([id], [MLMessage_ID]) VALUES (N'wfrmResultado.imgBusqAvanzada', N'22        ')
INSERT INTO [dbo].[MLObjects_T] ([id], [MLMessage_ID]) VALUES (N'wfrmResultado.imgBusqRapida', N'131       ')
INSERT INTO [dbo].[MLObjects_T] ([id], [MLMessage_ID]) VALUES (N'wfrmResultado.imgExportExcel', N'133       ')
INSERT INTO [dbo].[MLObjects_T] ([id], [MLMessage_ID]) VALUES (N'wfrmResultado.imgGrabarBusq', N'132       ')
INSERT INTO [dbo].[MLObjects_T] ([id], [MLMessage_ID]) VALUES (N'wfrmResultado.imgImprimir', N'134       ')
INSERT INTO [dbo].[MLObjects_T] ([id], [MLMessage_ID]) VALUES (N'wfrmResultado.imgSendMail', N'135       ')
INSERT INTO [dbo].[MLObjects_T] ([id], [MLMessage_ID]) VALUES (N'wfrmResultado.lblAyudaDobleClick', N'201       ')
INSERT INTO [dbo].[MLObjects_T] ([id], [MLMessage_ID]) VALUES (N'wfrmResultado.lblCantResultados', N'47        ')
INSERT INTO [dbo].[MLObjects_T] ([id], [MLMessage_ID]) VALUES (N'wfrmResultado.lblErrExport', N'129       ')
INSERT INTO [dbo].[MLObjects_T] ([id], [MLMessage_ID]) VALUES (N'wfrmResultado.lblResultadoTexto', N'47        ')
INSERT INTO [dbo].[MLObjects_T] ([id], [MLMessage_ID]) VALUES (N'wfrmResultado.lblSinResultado', N'163       ')
INSERT INTO [dbo].[MLObjects_T] ([id], [MLMessage_ID]) VALUES (N'wfrmResultado.lblTitulo', N'165       ')
INSERT INTO [dbo].[MLObjects_T] ([id], [MLMessage_ID]) VALUES (N'wfrmResultado.lblTituloPrevisual', N'200       ')
INSERT INTO [dbo].[MLObjects_T] ([id], [MLMessage_ID]) VALUES (N'wfrmResultado.lnkBusqAvanzada', N'22        ')
INSERT INTO [dbo].[MLObjects_T] ([id], [MLMessage_ID]) VALUES (N'wfrmResultado.lnkBusqPerfil', N'127       ')
INSERT INTO [dbo].[MLObjects_T] ([id], [MLMessage_ID]) VALUES (N'wfrmResultado.lnkBusqRapida', N'131       ')
INSERT INTO [dbo].[MLObjects_T] ([id], [MLMessage_ID]) VALUES (N'wfrmResultado.lnkExportExcel', N'133       ')
INSERT INTO [dbo].[MLObjects_T] ([id], [MLMessage_ID]) VALUES (N'wfrmResultado.lnkGrabarBusq', N'132       ')
INSERT INTO [dbo].[MLObjects_T] ([id], [MLMessage_ID]) VALUES (N'wfrmResultado.lnkImprimir', N'134       ')
INSERT INTO [dbo].[MLObjects_T] ([id], [MLMessage_ID]) VALUES (N'wfrmResultado.lnkSendMail', N'135       ')
INSERT INTO [dbo].[MLObjects_T] ([id], [MLMessage_ID]) VALUES (N'wfrmResultado.lnkVolver', N'35        ')
INSERT INTO [dbo].[MLObjects_T] ([id], [MLMessage_ID]) VALUES (N'wfrmResultadoTematica.lblTitulo', N'196       ')
INSERT INTO [dbo].[MLObjects_T] ([id], [MLMessage_ID]) VALUES (N'wfrmResultadoTematica.lnkVolver', N'35        ')
INSERT INTO [dbo].[MLObjects_T] ([id], [MLMessage_ID]) VALUES (N'wfrmRoleAdd.btnAceptar', N'68        ')
INSERT INTO [dbo].[MLObjects_T] ([id], [MLMessage_ID]) VALUES (N'wfrmRoleAdd.lblDescr', N'56        ')
INSERT INTO [dbo].[MLObjects_T] ([id], [MLMessage_ID]) VALUES (N'wfrmRoleAdd.lblRolExistente', N'94        ')
INSERT INTO [dbo].[MLObjects_T] ([id], [MLMessage_ID]) VALUES (N'wfrmRoleAdd.lblRolId', N'64        ')
INSERT INTO [dbo].[MLObjects_T] ([id], [MLMessage_ID]) VALUES (N'wfrmRoleAdd.lblTitulo', N'92        ')
INSERT INTO [dbo].[MLObjects_T] ([id], [MLMessage_ID]) VALUES (N'wfrmRoleAdd.lnkBuscar', N'23        ')
INSERT INTO [dbo].[MLObjects_T] ([id], [MLMessage_ID]) VALUES (N'wfrmRoleData.btnAcepElim', N'72        ')
INSERT INTO [dbo].[MLObjects_T] ([id], [MLMessage_ID]) VALUES (N'wfrmRoleData.btnAceptar', N'72        ')
INSERT INTO [dbo].[MLObjects_T] ([id], [MLMessage_ID]) VALUES (N'wfrmRoleData.btnEliminar', N'74        ')
INSERT INTO [dbo].[MLObjects_T] ([id], [MLMessage_ID]) VALUES (N'wfrmRoleData.btnModificar', N'71        ')
INSERT INTO [dbo].[MLObjects_T] ([id], [MLMessage_ID]) VALUES (N'wfrmRoleData.btnPertenencia', N'96        ')
INSERT INTO [dbo].[MLObjects_T] ([id], [MLMessage_ID]) VALUES (N'wfrmRoleData.lblDescr', N'56        ')
INSERT INTO [dbo].[MLObjects_T] ([id], [MLMessage_ID]) VALUES (N'wfrmRoleData.lblGrupos', N'11        ')
INSERT INTO [dbo].[MLObjects_T] ([id], [MLMessage_ID]) VALUES (N'wfrmRoleData.lblInfoEmpresaGrupo', N'79        ')
INSERT INTO [dbo].[MLObjects_T] ([id], [MLMessage_ID]) VALUES (N'wfrmRoleData.lblInfoEmpresaUser', N'79        ')
INSERT INTO [dbo].[MLObjects_T] ([id], [MLMessage_ID]) VALUES (N'wfrmRoleData.lblInfoTemplateGrupo', N'78        ')
INSERT INTO [dbo].[MLObjects_T] ([id], [MLMessage_ID]) VALUES (N'wfrmRoleData.lblInfoTemplateUser', N'78        ')
INSERT INTO [dbo].[MLObjects_T] ([id], [MLMessage_ID]) VALUES (N'wfrmRoleData.lblRolId', N'64        ')
INSERT INTO [dbo].[MLObjects_T] ([id], [MLMessage_ID]) VALUES (N'wfrmRoleData.lblTitulo', N'95        ')
INSERT INTO [dbo].[MLObjects_T] ([id], [MLMessage_ID]) VALUES (N'wfrmRoleData.lblUsuarios', N'76        ')
INSERT INTO [dbo].[MLObjects_T] ([id], [MLMessage_ID]) VALUES (N'wfrmRoleData.lnkAlta', N'57        ')
INSERT INTO [dbo].[MLObjects_T] ([id], [MLMessage_ID]) VALUES (N'wfrmRoleData.lnkBuscar', N'23        ')
INSERT INTO [dbo].[MLObjects_T] ([id], [MLMessage_ID]) VALUES (N'wfrmRoleData.uwgResultado.descr', N'56        ')
INSERT INTO [dbo].[MLObjects_T] ([id], [MLMessage_ID]) VALUES (N'wfrmRoleData.uwgResultado.group_id', N'55        ')
INSERT INTO [dbo].[MLObjects_T] ([id], [MLMessage_ID]) VALUES (N'wfrmRoleData.uwgResultado.obj', N'78        ')
INSERT INTO [dbo].[MLObjects_T] ([id], [MLMessage_ID]) VALUES (N'wfrmRoleData.uwgResultadoUser.descr', N'56        ')
INSERT INTO [dbo].[MLObjects_T] ([id], [MLMessage_ID]) VALUES (N'wfrmRoleData.uwgResultadoUser.obj', N'78        ')
INSERT INTO [dbo].[MLObjects_T] ([id], [MLMessage_ID]) VALUES (N'wfrmRoleData.uwgResultadoUser.user_id', N'6         ')
INSERT INTO [dbo].[MLObjects_T] ([id], [MLMessage_ID]) VALUES (N'wfrmUserAdd.btnAceptar', N'72        ')
INSERT INTO [dbo].[MLObjects_T] ([id], [MLMessage_ID]) VALUES (N'wfrmUserAdd.chkCambPassword', N'102       ')
INSERT INTO [dbo].[MLObjects_T] ([id], [MLMessage_ID]) VALUES (N'wfrmUserAdd.chkNoCambPassword', N'103       ')
INSERT INTO [dbo].[MLObjects_T] ([id], [MLMessage_ID]) VALUES (N'wfrmUserAdd.chkUsrBlock', N'104       ')
INSERT INTO [dbo].[MLObjects_T] ([id], [MLMessage_ID]) VALUES (N'wfrmUserAdd.lblDescr', N'56        ')
INSERT INTO [dbo].[MLObjects_T] ([id], [MLMessage_ID]) VALUES (N'wfrmUserAdd.lblNetWorkAlias', N'100       ')
INSERT INTO [dbo].[MLObjects_T] ([id], [MLMessage_ID]) VALUES (N'wfrmUserAdd.lblPassErr', N'98        ')
INSERT INTO [dbo].[MLObjects_T] ([id], [MLMessage_ID]) VALUES (N'wfrmUserAdd.lblPassNew', N'1         ')
INSERT INTO [dbo].[MLObjects_T] ([id], [MLMessage_ID]) VALUES (N'wfrmUserAdd.lblPassNewR', N'101       ')
INSERT INTO [dbo].[MLObjects_T] ([id], [MLMessage_ID]) VALUES (N'wfrmUserAdd.lblTitulo', N'97        ')
INSERT INTO [dbo].[MLObjects_T] ([id], [MLMessage_ID]) VALUES (N'wfrmUserAdd.lblUser', N'66        ')
INSERT INTO [dbo].[MLObjects_T] ([id], [MLMessage_ID]) VALUES (N'wfrmUserAdd.lblUserId', N'6         ')
INSERT INTO [dbo].[MLObjects_T] ([id], [MLMessage_ID]) VALUES (N'wfrmUserAdd.lblUsrExistente', N'99        ')
INSERT INTO [dbo].[MLObjects_T] ([id], [MLMessage_ID]) VALUES (N'wfrmUserAdd.lnkBuscar', N'23        ')
INSERT INTO [dbo].[MLObjects_T] ([id], [MLMessage_ID]) VALUES (N'wfrmUserData.btnAcepElim', N'72        ')
INSERT INTO [dbo].[MLObjects_T] ([id], [MLMessage_ID]) VALUES (N'wfrmUserData.btnAceptar', N'72        ')
INSERT INTO [dbo].[MLObjects_T] ([id], [MLMessage_ID]) VALUES (N'wfrmUserData.btnAddRoles', N'75        ')
INSERT INTO [dbo].[MLObjects_T] ([id], [MLMessage_ID]) VALUES (N'wfrmUserData.btnEliminar', N'74        ')
INSERT INTO [dbo].[MLObjects_T] ([id], [MLMessage_ID]) VALUES (N'wfrmUserData.btnModificar', N'71        ')
INSERT INTO [dbo].[MLObjects_T] ([id], [MLMessage_ID]) VALUES (N'wfrmUserData.btnPassword', N'17        ')
INSERT INTO [dbo].[MLObjects_T] ([id], [MLMessage_ID]) VALUES (N'wfrmUserData.btnPertenencia', N'108       ')
INSERT INTO [dbo].[MLObjects_T] ([id], [MLMessage_ID]) VALUES (N'wfrmUserData.btnRestaurar', N'107       ')
INSERT INTO [dbo].[MLObjects_T] ([id], [MLMessage_ID]) VALUES (N'wfrmUserData.btnSeguridadDatos', N'158       ')
INSERT INTO [dbo].[MLObjects_T] ([id], [MLMessage_ID]) VALUES (N'wfrmUserData.chkCambPassword', N'102       ')
INSERT INTO [dbo].[MLObjects_T] ([id], [MLMessage_ID]) VALUES (N'wfrmUserData.chkNoCambPassword', N'103       ')
INSERT INTO [dbo].[MLObjects_T] ([id], [MLMessage_ID]) VALUES (N'wfrmUserData.chkUsrBlock', N'104       ')
INSERT INTO [dbo].[MLObjects_T] ([id], [MLMessage_ID]) VALUES (N'wfrmUserData.chkUsrElim', N'106       ')
INSERT INTO [dbo].[MLObjects_T] ([id], [MLMessage_ID]) VALUES (N'wfrmUserData.lblDescr', N'56        ')
INSERT INTO [dbo].[MLObjects_T] ([id], [MLMessage_ID]) VALUES (N'wfrmUserData.lblGrupos', N'11        ')
INSERT INTO [dbo].[MLObjects_T] ([id], [MLMessage_ID]) VALUES (N'wfrmUserData.lblInfoEmpresa', N'79        ')
INSERT INTO [dbo].[MLObjects_T] ([id], [MLMessage_ID]) VALUES (N'wfrmUserData.lblInfoTemplate', N'78        ')
INSERT INTO [dbo].[MLObjects_T] ([id], [MLMessage_ID]) VALUES (N'wfrmUserData.lblNetWorkAlias', N'100       ')
INSERT INTO [dbo].[MLObjects_T] ([id], [MLMessage_ID]) VALUES (N'wfrmUserData.lblRoles', N'77        ')
INSERT INTO [dbo].[MLObjects_T] ([id], [MLMessage_ID]) VALUES (N'wfrmUserData.lblTitulo', N'105       ')
INSERT INTO [dbo].[MLObjects_T] ([id], [MLMessage_ID]) VALUES (N'wfrmUserData.lblUser', N'66        ')
INSERT INTO [dbo].[MLObjects_T] ([id], [MLMessage_ID]) VALUES (N'wfrmUserData.lblUserId', N'6         ')
INSERT INTO [dbo].[MLObjects_T] ([id], [MLMessage_ID]) VALUES (N'wfrmUserData.lnkAlta', N'57        ')
INSERT INTO [dbo].[MLObjects_T] ([id], [MLMessage_ID]) VALUES (N'wfrmUserData.lnkBuscar', N'23        ')
INSERT INTO [dbo].[MLObjects_T] ([id], [MLMessage_ID]) VALUES (N'wfrmUserData.uwgResultado.descr', N'56        ')
INSERT INTO [dbo].[MLObjects_T] ([id], [MLMessage_ID]) VALUES (N'wfrmUserData.uwgResultado.group_id', N'55        ')
INSERT INTO [dbo].[MLObjects_T] ([id], [MLMessage_ID]) VALUES (N'wfrmUserData.uwgResultadoRol.descr', N'56        ')
INSERT INTO [dbo].[MLObjects_T] ([id], [MLMessage_ID]) VALUES (N'wfrmUserData.uwgResultadoRol.obj', N'78        ')
INSERT INTO [dbo].[MLObjects_T] ([id], [MLMessage_ID]) VALUES (N'wfrmUserData.uwgResultadoRol.role_id_fk', N'64        ')
INSERT INTO [dbo].[MLObjects_T] ([id], [MLMessage_ID]) VALUES (N'wfrmUserPassword.btnAceptar', N'72        ')
INSERT INTO [dbo].[MLObjects_T] ([id], [MLMessage_ID]) VALUES (N'wfrmUserPassword.lblPasOriDest', N'111       ')
INSERT INTO [dbo].[MLObjects_T] ([id], [MLMessage_ID]) VALUES (N'wfrmUserPassword.lblPassErr', N'98        ')
INSERT INTO [dbo].[MLObjects_T] ([id], [MLMessage_ID]) VALUES (N'wfrmUserPassword.lblPassNew', N'113       ')
INSERT INTO [dbo].[MLObjects_T] ([id], [MLMessage_ID]) VALUES (N'wfrmUserPassword.lblPassNewR', N'101       ')
INSERT INTO [dbo].[MLObjects_T] ([id], [MLMessage_ID]) VALUES (N'wfrmUserPassword.lblPassOriErr', N'110       ')
INSERT INTO [dbo].[MLObjects_T] ([id], [MLMessage_ID]) VALUES (N'wfrmUserPassword.lblPasswordAnt', N'112       ')
INSERT INTO [dbo].[MLObjects_T] ([id], [MLMessage_ID]) VALUES (N'wfrmUserPassword.lblStrongPassword', N'204       ')
INSERT INTO [dbo].[MLObjects_T] ([id], [MLMessage_ID]) VALUES (N'wfrmUserPassword.lblTitulo', N'109       ')
INSERT INTO [dbo].[MLObjects_T] ([id], [MLMessage_ID]) VALUES (N'wfrmUserPassword.lblUserBLockDelete', N'115       ')
INSERT INTO [dbo].[MLObjects_T] ([id], [MLMessage_ID]) VALUES (N'wfrmUserPassword.lblUserID', N'6         ')
INSERT INTO [dbo].[MLObjects_T] ([id], [MLMessage_ID]) VALUES (N'wfrmUserPassword.lnkAlta', N'57        ')
INSERT INTO [dbo].[MLObjects_T] ([id], [MLMessage_ID]) VALUES (N'wfrmUserPassword.lnkBuscar', N'23        ')
INSERT INTO [dbo].[MLObjects_T] ([id], [MLMessage_ID]) VALUES (N'wfrmUserPasswordAdmin.btnAceptar', N'72        ')
INSERT INTO [dbo].[MLObjects_T] ([id], [MLMessage_ID]) VALUES (N'wfrmUserPasswordAdmin.lblPassErr', N'98        ')
INSERT INTO [dbo].[MLObjects_T] ([id], [MLMessage_ID]) VALUES (N'wfrmUserPasswordAdmin.lblPassNew', N'113       ')
INSERT INTO [dbo].[MLObjects_T] ([id], [MLMessage_ID]) VALUES (N'wfrmUserPasswordAdmin.lblPassNewR', N'101       ')
INSERT INTO [dbo].[MLObjects_T] ([id], [MLMessage_ID]) VALUES (N'wfrmUserPasswordAdmin.lblStrongPassword', N'204       ')
INSERT INTO [dbo].[MLObjects_T] ([id], [MLMessage_ID]) VALUES (N'wfrmUserPasswordAdmin.lblTitulo', N'109       ')
INSERT INTO [dbo].[MLObjects_T] ([id], [MLMessage_ID]) VALUES (N'wfrmUserPasswordAdmin.lblUserID', N'6         ')
INSERT INTO [dbo].[MLObjects_T] ([id], [MLMessage_ID]) VALUES (N'wfrmUsersRoles.chkTodasEmpresas', N'83        ')
INSERT INTO [dbo].[MLObjects_T] ([id], [MLMessage_ID]) VALUES (N'wfrmUsersRoles.chkTodosTemplates', N'84        ')
INSERT INTO [dbo].[MLObjects_T] ([id], [MLMessage_ID]) VALUES (N'wfrmUsersRoles.lblEmpresa', N'79        ')
INSERT INTO [dbo].[MLObjects_T] ([id], [MLMessage_ID]) VALUES (N'wfrmUsersRoles.lblRExistentes', N'81        ')
INSERT INTO [dbo].[MLObjects_T] ([id], [MLMessage_ID]) VALUES (N'wfrmUsersRoles.lblRPertenece', N'82        ')
INSERT INTO [dbo].[MLObjects_T] ([id], [MLMessage_ID]) VALUES (N'wfrmUsersRoles.lblTemplate', N'78        ')
INSERT INTO [dbo].[MLObjects_T] ([id], [MLMessage_ID]) VALUES (N'wfrmUsersRoles.lblTitulo', N'114       ')
INSERT INTO [dbo].[MLObjects_T] ([id], [MLMessage_ID]) VALUES (N'wfrmUsersRoles.lblUserId', N'6         ')
INSERT INTO [dbo].[MLObjects_T] ([id], [MLMessage_ID]) VALUES (N'wfrmUsersRoles.lnkVolver', N'35        ')
INSERT INTO [dbo].[MLObjects_T] ([id], [MLMessage_ID]) VALUES (N'wfrmUsersSegDatos.btnAceptar', N'32        ')
INSERT INTO [dbo].[MLObjects_T] ([id], [MLMessage_ID]) VALUES (N'wfrmUsersSegDatos.chkTodos', N'160       ')
INSERT INTO [dbo].[MLObjects_T] ([id], [MLMessage_ID]) VALUES (N'wfrmUsersSegDatos.lblCampo', N'36        ')
INSERT INTO [dbo].[MLObjects_T] ([id], [MLMessage_ID]) VALUES (N'wfrmUsersSegDatos.lblEmpresa', N'79        ')
INSERT INTO [dbo].[MLObjects_T] ([id], [MLMessage_ID]) VALUES (N'wfrmUsersSegDatos.lblTemplate', N'78        ')
INSERT INTO [dbo].[MLObjects_T] ([id], [MLMessage_ID]) VALUES (N'wfrmUsersSegDatos.lblTitulo', N'159       ')
INSERT INTO [dbo].[MLObjects_T] ([id], [MLMessage_ID]) VALUES (N'wfrmUsersSegDatos.lblTodos', N'160       ')
INSERT INTO [dbo].[MLObjects_T] ([id], [MLMessage_ID]) VALUES (N'wfrmUsersSegDatos.lblUserId', N'6         ')
INSERT INTO [dbo].[MLObjects_T] ([id], [MLMessage_ID]) VALUES (N'wfrmUsersSegDatos.lblValor', N'29        ')
INSERT INTO [dbo].[MLObjects_T] ([id], [MLMessage_ID]) VALUES (N'wfrmUsersSegDatos.lblValores', N'29        ')
INSERT INTO [dbo].[MLObjects_T] ([id], [MLMessage_ID]) VALUES (N'wfrmUsersSegDatos.lnkVolver', N'35        ')
INSERT INTO [dbo].[MLObjects_T] ([id], [MLMessage_ID]) VALUES (N'wfrmUsersSegDatos.uwgResultado.acceso_full', N'160       ')
INSERT INTO [dbo].[MLObjects_T] ([id], [MLMessage_ID]) VALUES (N'wfrmUsersSegDatos.uwgResultado.campo', N'36        ')
INSERT INTO [dbo].[MLObjects_T] ([id], [MLMessage_ID]) VALUES (N'wfrmUsersSegDatos.uwgResultado.empresa_id', N'79        ')
INSERT INTO [dbo].[MLObjects_T] ([id], [MLMessage_ID]) VALUES (N'wfrmUsersSegDatos.uwgResultado.template', N'78        ')
INSERT INTO [dbo].[MLObjects_T] ([id], [MLMessage_ID]) VALUES (N'wfrmUsersSegDatos.uwgResultado.template_id', N'78        ')
INSERT INTO [dbo].[MLObjects_T] ([id], [MLMessage_ID]) VALUES (N'wfrmUsersSegDatos.uwgResultado.valor', N'29        ')
INSERT INTO [dbo].[MLObjects_T] ([id], [MLMessage_ID]) VALUES (N'wfrmUsersSegDatos.uwgResultado.valor_bd', N'29        ')
INSERT INTO [dbo].[MLObjects_T] ([id], [MLMessage_ID]) VALUES (N'wfrmVerifFirmaDigi.lblTitulo', N'203       ')
INSERT INTO [dbo].[MLObjects_T] ([id], [MLMessage_ID]) VALUES (N'wfrmVerifFirmaDigi.lnlNotas', N'203       ')
INSERT INTO [dbo].[visores] ([visor], [programa], [descripcio]) VALUES (1, N'visor1', N'Graficos-Aplic.')
INSERT INTO [dbo].[visores] ([visor], [programa], [descripcio]) VALUES (2, N'visor2', N'Texto-Aplic.')
INSERT INTO [dbo].[visores] ([visor], [programa], [descripcio]) VALUES (3, N'visor3', N'Interno')
INSERT INTO [dbo].[visores] ([visor], [programa], [descripcio]) VALUES (4, N'visor4', N'Interno')
INSERT INTO [dbo].[tipos] ([tipo], [descripcio], [extension], [visor], [filtro]) VALUES (1, N'TIF G4', N'TIF', 1, 0)
INSERT INTO [dbo].[tipos] ([tipo], [descripcio], [extension], [visor], [filtro]) VALUES (2, N'JPG', N'JPG', 1, 0)
INSERT INTO [dbo].[tipos] ([tipo], [descripcio], [extension], [visor], [filtro]) VALUES (4, N'TIF G4 (2)', N'TIF', 1, 0)
INSERT INTO [dbo].[tipos] ([tipo], [descripcio], [extension], [visor], [filtro]) VALUES (5, N'DejaVu', N'DJVu', 1, 0)
INSERT INTO [dbo].[tipos] ([tipo], [descripcio], [extension], [visor], [filtro]) VALUES (10, N'Texto DOS', N'TXT', 2, 1)
INSERT INTO [dbo].[tipos] ([tipo], [descripcio], [extension], [visor], [filtro]) VALUES (11, N'Multiformato', N'DOC', 2, 2)
INSERT INTO [dbo].[tipos] ([tipo], [descripcio], [extension], [visor], [filtro]) VALUES (25, N'PDF', N'PDF', 1, 0)
ALTER TABLE [dbo].[ProcImg_Tmplate_T] ADD CONSTRAINT [fk_ProcImg_Tmplate_T_ProcImg_T] FOREIGN KEY ([procimg_id]) REFERENCES [dbo].[ProcImg_T] ([id])
ALTER TABLE [dbo].[busqueda_body_T] ADD CONSTRAINT [fk_busqueda_body_T_busqueda_header_T] FOREIGN KEY ([id]) REFERENCES [dbo].[busqueda_header_T] ([id])
ALTER TABLE [dbo].[permissions_groups_T] ADD CONSTRAINT [fk_permissions_groups_T_group_T] FOREIGN KEY ([group_id_fk]) REFERENCES [dbo].[group_T] ([group_id])
ALTER TABLE [dbo].[permissions_groups_T] ADD CONSTRAINT [fk_permissions_groups_T_task_T] FOREIGN KEY ([task_id_fk]) REFERENCES [dbo].[task_T] ([task_id])
ALTER TABLE [dbo].[Cajas] ADD CONSTRAINT [fk_Cajas_Empresas] FOREIGN KEY ([LoginEmpresa]) REFERENCES [dbo].[Empresas] ([LoginEmpresa])
ALTER TABLE [dbo].[anotacion] ADD CONSTRAINT [fk_Anotacion_Idlotes] FOREIGN KEY ([codlote]) REFERENCES [dbo].[idlotes] ([cod_lote])
ALTER TABLE [dbo].[montaje] ADD CONSTRAINT [fk_montaje_vols] FOREIGN KEY ([volumen]) REFERENCES [dbo].[vols] ([volumen])
ALTER TABLE [dbo].[vols] ADD CONSTRAINT [fk_vols_device] FOREIGN KEY ([coddev]) REFERENCES [dbo].[device] ([coddev])
ALTER TABLE [dbo].[permissions_users_T] ADD CONSTRAINT [fk_permissions_users_T_task_T] FOREIGN KEY ([task_id_fk]) REFERENCES [dbo].[task_T] ([task_id])
ALTER TABLE [dbo].[permissions_users_T] ADD CONSTRAINT [fk_permissions_users_T_user_T] FOREIGN KEY ([user_id_fk]) REFERENCES [dbo].[user_T] ([user_id])
ALTER TABLE [dbo].[idlotes] ADD CONSTRAINT [fk_idlotes_tmplates] FOREIGN KEY ([tmplate]) REFERENCES [dbo].[tmplates] ([tmplate])
ALTER TABLE [dbo].[membership_group_role_t] ADD CONSTRAINT [fk_membership_group_role_t_group_T] FOREIGN KEY ([group_id_fk]) REFERENCES [dbo].[group_T] ([group_id])
ALTER TABLE [dbo].[membership_group_role_t] ADD CONSTRAINT [fk_membership_group_role_t_role_T] FOREIGN KEY ([role_id_fk]) REFERENCES [dbo].[role_t] ([role_id])
ALTER TABLE [dbo].[MLMessages_T] ADD CONSTRAINT [fk_MLMessages_T_MLLanguages_T] FOREIGN KEY ([MLLanguage_ID]) REFERENCES [dbo].[MLLanguages_T] ([id])
ALTER TABLE [dbo].[tmplates] ADD CONSTRAINT [fk_tmplates_Empresas] FOREIGN KEY ([LoginEmpresa]) REFERENCES [dbo].[Empresas] ([LoginEmpresa])
ALTER TABLE [dbo].[membership_T] ADD CONSTRAINT [fk_membership_T_group_T] FOREIGN KEY ([group_id_fk]) REFERENCES [dbo].[group_T] ([group_id])
ALTER TABLE [dbo].[membership_T] ADD CONSTRAINT [fk_membership_T_user_T] FOREIGN KEY ([user_id_fk]) REFERENCES [dbo].[user_T] ([user_id])
ALTER TABLE [dbo].[membership_user_role_t] ADD CONSTRAINT [fk_membership_user_role_t_role_T] FOREIGN KEY ([role_id_fk]) REFERENCES [dbo].[role_t] ([role_id])
ALTER TABLE [dbo].[membership_user_role_t] ADD CONSTRAINT [fk_membership_user_role_t_user_T] FOREIGN KEY ([user_id_fk]) REFERENCES [dbo].[user_T] ([user_id])
ALTER TABLE [dbo].[permissions_roles_T] ADD CONSTRAINT [fk_permissions_roles_T_role_T] FOREIGN KEY ([role_id_fk]) REFERENCES [dbo].[role_t] ([role_id])
ALTER TABLE [dbo].[permissions_roles_T] ADD CONSTRAINT [fk_permissions_roles_T_role_task_T] FOREIGN KEY ([role_task_id_fk]) REFERENCES [dbo].[role_task_T] ([role_task_id])
ALTER TABLE [dbo].[audit_T] ADD CONSTRAINT [fk_audit_T_task_T] FOREIGN KEY ([task_id_fk]) REFERENCES [dbo].[task_T] ([task_id])
ALTER TABLE [dbo].[audit_T] ADD CONSTRAINT [fk_audit_T_user_T] FOREIGN KEY ([user_id_fk]) REFERENCES [dbo].[user_T] ([user_id])
ALTER TABLE [dbo].[grpyus] WITH NOCHECK  ADD CONSTRAINT [fk_grpyus_Empresas] FOREIGN KEY ([LoginEmpresa]) REFERENCES [dbo].[Empresas] ([LoginEmpresa])
COMMIT TRANSACTION
